--
-- PostgreSQL database dump
--

-- Dumped from database version 10.2
-- Dumped by pg_dump version 10.2

SET statement_timeout = 0;
SET lock_timeout = 0;
SET idle_in_transaction_session_timeout = 0;
SET client_encoding = 'UTF8';
SET standard_conforming_strings = on;
SET check_function_bodies = false;
SET client_min_messages = warning;
SET row_security = off;

SET search_path = public, pg_catalog;

DROP INDEX public.users_id_uindex;
DROP INDEX public.users_email_uindex;
DROP INDEX public.estimates_id_uindex;
DROP INDEX public.comments_id_uindex;
DROP INDEX public.category_book_id_uindex;
DROP INDEX public.categories_name_uindex;
DROP INDEX public.categories_id_uindex;
DROP INDEX public.books_id_uindex;
ALTER TABLE ONLY public.users DROP CONSTRAINT users_pkey;
ALTER TABLE ONLY public.estimates DROP CONSTRAINT estimates_user_id_book_id_pk;
ALTER TABLE ONLY public.estimates DROP CONSTRAINT estimates_pkey;
ALTER TABLE ONLY public.comments DROP CONSTRAINT comments_pkey;
ALTER TABLE ONLY public.category_book DROP CONSTRAINT category_book_pkey;
ALTER TABLE ONLY public.categories DROP CONSTRAINT categories_pkey;
ALTER TABLE ONLY public.books DROP CONSTRAINT books_id_pk;
DROP TABLE public.users;
DROP TABLE public.estimates;
DROP TABLE public.comments;
DROP TABLE public.category_book;
DROP TABLE public.categories;
DROP TABLE public.books;
DROP EXTENSION plpgsql;
DROP SCHEMA public;
--
-- Name: public; Type: SCHEMA; Schema: -; Owner: postgres
--

CREATE SCHEMA public;


ALTER SCHEMA public OWNER TO postgres;

--
-- Name: SCHEMA public; Type: COMMENT; Schema: -; Owner: postgres
--

COMMENT ON SCHEMA public IS 'standard public schema';


--
-- Name: plpgsql; Type: EXTENSION; Schema: -; Owner: 
--

CREATE EXTENSION IF NOT EXISTS plpgsql WITH SCHEMA pg_catalog;


--
-- Name: EXTENSION plpgsql; Type: COMMENT; Schema: -; Owner: 
--

COMMENT ON EXTENSION plpgsql IS 'PL/pgSQL procedural language';


SET search_path = public, pg_catalog;

SET default_tablespace = '';

SET default_with_oids = false;

--
-- Name: books; Type: TABLE; Schema: public; Owner: postgres
--

CREATE TABLE books (
    title text NOT NULL,
    author text NOT NULL,
    id uuid NOT NULL,
    isbn text,
    annotation text,
    cover text,
    text text NOT NULL,
    user_id uuid
);


ALTER TABLE books OWNER TO postgres;

--
-- Name: categories; Type: TABLE; Schema: public; Owner: otsygankova
--

CREATE TABLE categories (
    id uuid NOT NULL,
    name text
);


ALTER TABLE categories OWNER TO otsygankova;

--
-- Name: category_book; Type: TABLE; Schema: public; Owner: otsygankova
--

CREATE TABLE category_book (
    id uuid NOT NULL,
    book_id uuid NOT NULL,
    category_id uuid NOT NULL
);


ALTER TABLE category_book OWNER TO otsygankova;

--
-- Name: comments; Type: TABLE; Schema: public; Owner: otsygankova
--

CREATE TABLE comments (
    id uuid NOT NULL,
    user_id uuid NOT NULL,
    book_id uuid NOT NULL,
    comment text NOT NULL,
    date text
);


ALTER TABLE comments OWNER TO otsygankova;

--
-- Name: estimates; Type: TABLE; Schema: public; Owner: otsygankova
--

CREATE TABLE estimates (
    id uuid NOT NULL,
    user_id uuid NOT NULL,
    estimate integer NOT NULL,
    book_id uuid NOT NULL
);


ALTER TABLE estimates OWNER TO otsygankova;

--
-- Name: users; Type: TABLE; Schema: public; Owner: postgres
--

CREATE TABLE users (
    id uuid NOT NULL,
    username text,
    password text,
    email text,
    emailpassword text
);


ALTER TABLE users OWNER TO postgres;

--
-- Data for Name: books; Type: TABLE DATA; Schema: public; Owner: postgres
--

COPY books (title, author, id, isbn, annotation, cover, text, user_id) FROM stdin;
Преступление и наказание	Достоевский Ф.М.	bf5973fa-ce5e-4311-bc92-51a9bdbfcdb1	\N	"Преступление и наказание" (1866) Фёдора Михайловича Достоевского - это социально-психологический роман с ярко выраженным философским подтекстом. Критик и публицист Василий Розанов писал: ""Преступление и наказание" - самое законченное в своей форме и глубокое по содержанию произведение Достоевского, в котором он выразил свой взгляд на природу человека, его назначение и законы, которым он подчинён как личность..." Герой романа - Родион Раскольников - студент, который "задавлен бедностью". Он поддался популярным в то время идеям о том, что все люди делятся на "тварей дрожащих" и "наполеонов". Так он решается на убийство злой и жадной старухи-процентщицы, чтобы разом изменить свою судьбу и поправить положение своей семьи. Философия вступает в конфликт с совестью и душевным состоянием героя: он не в силах справиться с тяжким бременем преступления.	https://j.livelib.ru/boocover/1002735598/140x220/b9dd/Fedor_Dostoevskij__Prestuplenie_i_nakazanie.jpg	В начале июля, в чрезвычайно жаркое время, под вечер, один молодой человек вышел из своей каморки, которую нанимал от жильцов в С — м переулке, на улицу и медленно, как бы в нерешимости, отправился к К — ну мосту.\r\nОн благополучно избегнул встречи с своею хозяйкой на лестнице. Каморка его приходилась под самою кровлей высокого пятиэтажного дома и походила более на шкаф, чем на квартиру. Квартирная же хозяйка его, у которой он нанимал эту каморку с обедом и прислугой, помещалась одною лестницей ниже, в отдельной квартире, и каждый раз, при выходе на улицу, ему непременно надо было проходить мимо хозяйкиной кухни, почти всегда настежь отворенной на лестницу. И каждый раз молодой человек, проходя мимо, чувствовал какое-то болезненное и трусливое ощущение, которого стыдился и от которого морщился. Он был должен кругом хозяйке и боялся с нею встретиться.\r\nНе то чтоб он был так труслив и забит, совсем даже напротив; но с некоторого времени он был в раздражительном и напряженном состоянии, похожем на ипохондрию. Он до того углубился в себя и уединился от всех, что боялся даже всякой встречи, не только встречи с хозяйкой. Он был задавлен бедностью; но даже стесненное положение перестало в последнее время тяготить его. Насущными делами своими он совсем перестал и не хотел заниматься. Никакой хозяйки, в сущности, он не боялся, что бы та ни замышляла против него. Но останавливаться на лестнице, слушать всякий вздор про всю эту обыденную дребедень, до которой ему нет никакого дела, все эти приставания о платеже, угрозы, жалобы, и при этом самому изворачиваться, извиняться, лгать, — нет уж, лучше проскользнуть как-нибудь кошкой по лестнице и улизнуть, чтобы никто не видал.\r\nВпрочем, на этот раз страх встречи с своею кредиторшей даже его самого поразил по выходе на улицу.\r\n«На какое дело хочу покуситься и в то же время каких пустяков боюсь! — подумал он с странною улыбкой. — Гм... да... всё в руках человека, и всё-то он мимо носу проносит, единственно от одной трусости... это уж аксиома... Любопытно, чего люди больше всего боятся? Нового шага, нового собственного слова они всего больше боятся... А впрочем, я слишком много болтаю. Оттого и ничего не делаю, что болтаю. Пожалуй, впрочем, и так: оттого болтаю, что ничего не делаю. Это я в этот последний месяц выучился болтать, лежа по целым суткам в углу и думая... о царе Горохе. Ну зачем я теперь иду? Разве я способен на это? Разве это серьезно? Совсем не серьезно. Так, ради фантазии сам себя тешу; игрушки! Да, пожалуй что и игрушки!»\r\nНа улице жара стояла страшная, к тому же духота, толкотня, всюду известка, леса, кирпич, пыль и та особенная летняя вонь, столь известная каждому петербуржцу, не имеющему возможности нанять дачу, — всё это разом неприятно потрясло и без того уже расстроенные нервы юноши. Нестерпимая же вонь из распивочных, которых в этой части города особенное множество, и пьяные, поминутно попадавшиеся, несмотря на буднее время, довершили отвратительный и грустный колорит картины. Чувство глубочайшего омерзения мелькнуло на миг в тонких чертах молодого человека. Кстати, он был замечательно хорош собою, с прекрасными темными глазами, темно-рус, ростом выше среднего, тонок и строен. Но скоро он впал как бы в глубокую задумчивость, даже, вернее сказать, как бы в какое-то забытье, и пошел, уже не замечая окружающего, да и не желая его замечать. Изредка только бормотал он что-то про себя, от своей привычки к монологам, в которой он сейчас сам себе признался. В эту же минуту он и сам сознавал, что мысли его порою мешаются и что он очень слаб: второй день как уж он почти совсем ничего не ел.\r\nОн был до того худо одет, что иной, даже и привычный человек, посовестился бы днем выходить в таких лохмотьях на улицу. Впрочем, квартал был таков, что костюмом здесь было трудно кого-нибудь удивить. Близость Сенной, обилие известных заведений и, по преимуществу, цеховое и ремесленное население, скученное в этих серединных петербургских улицах и переулках, пестрили иногда общую панораму такими субъектами, что странно было бы и удивляться при встрече с иною фигурой. Но столько злобного презрения уже накопилось в душе молодого человека, что, несмотря на всю свою, иногда очень молодую, щекотливость, он менее всего совестился своих лохмотьев на улице. Другое дело при встрече с иными знакомыми или с прежними товарищами, с которыми вообще он не любил встречаться... А между тем, когда один пьяный, которого неизвестно почему и куда провозили в это время по улице в огромной телеге, запряженной огромною ломовою лошадью, крикнул ему вдруг, проезжая: «Эй ты, немецкий шляпник!» — и заорал во всё горло, указывая на него рукой, — молодой человек вдруг остановился и судорожно схватился за свою шляпу. Шляпа эта была высокая, круглая, циммермановская, но вся уже изношенная, совсем рыжая, вся в дырах и пятнах, без полей и самым безобразнейшим углом заломившаяся на сторону. Но не стыд, а совсем другое чувство, похожее даже на испуг, охватило его.\r\n«Я так и знал! — бормотал он в смущении, — я так и думал! Это уж всего сквернее! Вот эдакая какая-нибудь глупость, какая-нибудь пошлейшая мелочь, весь замысел может испортить! Да, слишком приметная шляпа... Смешная, потому и приметная... К моим лохмотьям непременно нужна фуражка, хотя бы старый блин какой-нибудь, а не этот урод. Никто таких не носит, за версту заметят, запомнят... главное, потом запомнят, ан и улика. Тут нужно быть как можно неприметнее... Мелочи, мелочи главное!.. Вот эти-то мелочи и губят всегда и всё...»\r\nИдти ему было немного; он даже знал, сколько шагов от ворот его дома: ровно семьсот тридцать. Как-то раз он их сосчитал, когда уж очень размечтался. В то время он и сам еще не верил этим мечтам своим и только раздражал себя их безобразною, но соблазнительною дерзостью. Теперь же, месяц спустя, он уже начинал смотреть иначе и, несмотря на все поддразнивающие монологи о собственном бессилии и нерешимости, «безобразную» мечту как-то даже поневоле привык считать уже предприятием, хотя всё еще сам себе не верил. Он даже шел теперь делать пробу своему предприятию, и с каждым шагом волнение его возрастало всё сильнее и сильнее.\r\nС замиранием сердца и нервною дрожью подошел он к преогромнейшему дому, выходившему одною стеной на канаву, а другою в — ю улицу. Этот дом стоял весь в мелких квартирах и заселен был всякими промышленниками — портными, слесарями, кухарками, разными немцами, девицами, живущими от себя, мелким чиновничеством и проч. Входящие и выходящие так и шмыгали под обоими воротами и на обоих дворах дома. Тут служили три или четыре дворника. Молодой человек был очень доволен, не встретив ни которого из них, и неприметно проскользнул сейчас же из ворот направо на лестницу. Лестница была темная и узкая, «черная», но он всё уже это знал и изучил, и ему вся эта обстановка нравилась: в такой темноте даже и любопытный взгляд был неопасен. «Если о сю пору я так боюсь, что же было бы, если б и действительно как-нибудь случилось до самого дела дойти?..» — подумал он невольно, проходя в четвертый этаж. Здесь загородили ему дорогу отставные солдаты-носильщики, выносившие из одной квартиры мебель. Он уже прежде знал, что в этой квартире жил один семейный немец, чиновник: «Стало быть, этот немец теперь выезжает, и, стало быть, в четвертом этаже, по этой лестнице и на этой площадке, остается, на некоторое время, только одна старухина квартира занятая. Это хорошо... на всякой случай...» — подумал он опять и позвонил в старухину квартиру. Звонок брякнул слабо, как будто был сделан из жести, а не из меди. В подобных мелких квартирах таких домов почти всё такие звонки. Он уже забыл звон этого колокольчика, и теперь этот особенный звон как будто вдруг ему что-то напомнил и ясно представил... Он так и вздрогнул, слишком уже ослабели нервы на этот раз. Немного спустя дверь приотворилась на крошечную щелочку: жилица оглядывала из щели пришедшего с видимым недоверием, и только виднелись ее сверкавшие из темноты глазки. Но увидав на площадке много народу, она ободрилась и отворила совсем. Молодой человек переступил через порог в темную прихожую, разгороженную перегородкой, за которою была крошечная кухня. Старуха стояла перед ним молча и вопросительно на него глядела. Это была крошечная, сухая старушонка, лет шестидесяти, с вострыми и злыми глазками, с маленьким вострым носом и простоволосая. Белобрысые, мало поседевшие волосы ее были жирно смазаны маслом. На ее тонкой и длинной шее, похожей на куриную ногу, было наверчено какое-то фланелевое тряпье, а на плечах, несмотря на жару, болталась вся истрепанная и пожелтелая меховая кацавейка. Старушонка поминутно кашляла и кряхтела. Должно быть, молодой человек взглянул на нее каким-нибудь особенным взглядом, потому что и в ее глазах мелькнула вдруг опять прежняя недоверчивость.	ff084d26-4290-4952-b99f-82d2bf794924
Хождение по мукам	Толстой А.	51d85cba-3113-409a-a869-922b605b13f8	\N	Знаменитая трилогия Алексея Толстого "Хождение по мукам" — захватывающее повествование о судьбах двух сестер, Кати и Даши Булавиных, на фоне масштабных исторических событий: во времена Первой мировой войны, двух революций, Гражданской войны. По словам самого автора, "Хождение по мукам" — хождение совести самого автора по страданиям, надеждам, восторгам и падениям, унынию, взлетам — ощущение целой огромной эпохи.	https://j.livelib.ru/boocover/1002725110/140x220/0d4c/Aleksej_Tolstoj__Hozhdenie_po_mukam.jpg	У костра сидели двое - мужчина и женщина. В спину  им  дул  из  степной\r\nбалки холодный ветер, посвистывая в  давно  осыпавшихся  стеблях  пшеницы.\r\nЖенщина подобрала ноги под юбку, засунула кисти  рук  в  рукава  драпового\r\nпальто. Из-под вязаного платка, опущенного на глаза ее, только  был  виден\r\nпряменький нос и упрямо сложенные губы.\r\n   Огонь костра был не велик, горели сухие лепешки навоза, которые мужчина\r\nдавеча подобрал - несколько охапок - в балке у водопоя. Было нехорошо, что\r\nусиливался ветер.\r\n   - Красоты природы, конечно, много приятнее  воспринимать  под  трещание\r\nкамина, грустя у окошечка... Ах, боже мой, тоска, тоска степная...\r\n   Мужчина проговорил это не  громко,  ехидно,  с  удовольствием.  Женщина\r\nповернула к нему подбородок, но не разжала губ, не ответила. Она устала от\r\nдолгого пути, от голода и оттого, что этот человек очень много говорил и с\r\nкаким-то самодовольством  угадывал  ее  самые  сокровенные  мысли.  Слегка\r\nзакинув голову, она глядела из-под опущенного платка на тусклый,  за  едва\r\nразличимыми холмами, осенний закат, - он протянулся узкой щелью и  уже  не\r\nозарял пустынной и бездомной степи.\r\n   - Будем сейчас печь картошечку, Дарья Дмитриевна, для  веселия  души  и\r\nтела... Боже мой, что бы вы без меня делали?\r\n   Он нагнулся и стал выбирать коровьи лепешки поплотнее, -  вертел  их  и\r\nтак и сяк, осторожно клал на угли. Часть  углей  отгреб  и  под  них  стал\r\nзакапывать несколько картофелин, доставая их из глубоких карманов  бекеши.\r\nУ него было красноватое, невероятно хитрое - скорее даже лукавое - лицо, с\r\nмясистым,  на  конце  приплюснутым   носом,   скудно   растущая   бородка,\r\nрастрепанные усы, причмокивающие губы.\r\n   - Думаю я о вас, Дарья Дмитриевна, дикости в вас мало, цепкости мало, а\r\nцивилизация-то поверхностная, душенька... Яблочко вы румяное, сладкое,  но\r\nнедозрелое...\r\n   Он говорил это, возясь с картошками, -  давеча,  когда  проходили  мимо\r\nстепного хутора, он украл их на огороде. Мясистый нос  его,  залоснившийся\r\nот жара костра, мудро и хитро подергивал ноздрей.  Человека  звали  Кузьма\r\nКузьмич Нефедов.  Он  мучительно  надоедал  Даше  разглагольствованиями  и\r\nугадыванием мыслей.\r\n   Знакомство их произошло несколько дней назад, в поезде,  тащившемся  по\r\nфантастическому расписанию и маршруту  и  спущенном  белыми  казаками  под\r\nоткос.\r\n   Задний вагон, в котором ехала Даша, остался  на  рельсах,  но  по  нему\r\nрезанули из пулемета, и все, кто там находился, кинулись в степь, так как,\r\nпо обычаю  того  времени,  надо  было  ожидать  ограбления  и  расправы  с\r\nпассажирами.\r\n   Этот Кузьма Кузьмич еще в вагоне присматривался к Даше,  -  чем-то  она\r\nему пришлась по вкусу, хотя никак не  склонялась  на  откровенные  беседы.\r\nТеперь, на рассвете, в пустынной степи,  Даша  сама  схватилась  за  него.\r\nПоложение было отчаянное: там, где под откосом лежали вагоны, была  слышна\r\nстрельба и крики, потом разгорелось пламя, погнав угрюмые тени  от  старых\r\nрепейников и высохших кустиков полыни, подернутых инеем.	ff084d26-4290-4952-b99f-82d2bf794924
Дубровский	Пушкин А.С.	2154e23b-3e29-4255-bc1a-dc325fba82fc	9782335021264	Многие литературоведы и критики сходятся во мнении, что произведение Пушкина Дубровский можно смело считать образцом прозаичности великого русского писателя. В повести рассказывается о человеке, которого оскорбил и обидел не только зажиточный сосед, но и правосудие. Примечательно, что эта история имеет под собой реальное основание одного из судебных дел того времени.	https://upload.wikimedia.org/wikipedia/commons/thumb/a/a6/Pushkin_Dubrovsky_1919.jpg/200px-Pushkin_Dubrovsky_1919.jpg	Несколько лет тому назад в одном из своих поместий жил старинный русский барин, Кирила Петрович Троекуров. Его богатство, знатный род и связи давали ему большой вес в губерниях, где находилось его имение. Соседи рады были угождать малейшим его прихотям; губернские чиновники трепетали при его имени; Кирила Петрович принимал знаки подобострастия как надлежащую дань; дом его всегда был полон гостями, готовыми тешить его барскую праздность, разделяя шумные, а иногда и буйные его увеселения. Никто не дерзал отказываться от его приглашения или в известные дни не являться с должным почтением в село Покровское. В домашнем быту Кирила Петрович выказывал все пороки человека необразованного. Избалованный всем, что только окружало его, он привык давать полную волю всем порывам пылкого своего нрава и всем затеям довольно ограниченного ума. Несмотря на необыкновенную силу физических способностей, он раза два в неделю страдал от обжорства и каждый вечер бывал навеселе. В одном из флигелей его дома жили шестнадцать горничных, занимаясь рукоделиями, свойственными их полу. Окны во флигеле были загорожены деревянною решеткою; двери запирались замками, от коих ключи хранились у Кирила Петровича. Молодые затворницы в положенные часы сходили в сад и прогуливались под надзором двух старух. От времени до времени Кирила Петрович выдавал некоторых из них замуж, и новые поступали на их место. С крестьянами и дворовыми обходился он строго и своенравно; несмотря на то, они были ему преданы: они тщеславились богатством и славою своего господина и в свою очередь позволяли себе многое в отношении к их соседям, надеясь на его сильное покровительство. Всегдашние занятия Троекурова состояли в разъездах около пространных его владений, в продолжительных пирах и в проказах, ежедневно притом изобретаемых и жертвою коих бывал обыкновенно какой-нибудь новый знакомец; хотя и старинные приятели не всегда их избегали за исключением одного Андрея Гавриловича Дубровского. Сей Дубровский, отставной поручик гвардии, был ему ближайшим соседом и владел семидесятью душами. Троекуров, надменный в сношениях с людьми самого высшего звания, уважал Дубровского несмотря на его смиренное состояние. Некогда были они товарищами по службе, и Троекуров знал по опыту нетерпеливость и решительность его характера. Обстоятельства разлучили их надолго. Дубровский с расстроенным состоянием принужден был выйти в отставку и поселиться в остальной своей деревне. Кирила Петрович, узнав о том, предлагал ему свое покровительство, но Дубровский благодарил его и остался беден и независим. Спустя несколько лет Троекуров, отставной генерал-аншеф, приехал в свое поместие, они свиделись и обрадовались друг другу. С тех пор они каждый день бывали вместе, и Кирила Петрович, отроду не удостоивавший никого своим посещением, заезжал запросто в домишко своего старого товарища. Будучи ровесниками, рожденные в одном сословии, воспитанные одинаково, они сходствовали отчасти и в характерах и в наклонностях. В некоторых отношениях и судьба их была одинакова: оба женились по любви, оба скоро овдовели, у обоих оставалось по ребенку. Сын Дубровского воспитывался в	865755cf-3c05-4a7f-9ba7-ae242758b582
Азазель	Акунин Б.	74503945-e8bd-490d-bcbf-5316bfc65ff2	9781981626779	Двадцатилетний коллежский регистратор сыскной полиции Эраст Петрович Фандорин с разрешения начальства начинает расследовать подозрительное самоубийство студента из «золотой молодежи» и выходит на запутанный глобальный заговор, который определит всю его жизнь... Кто же стоит за этим заговором?	https://upload.wikimedia.org/wikipedia/ru/6/60/Azazel_%28book%29.jpg	В понедельник 13 мая 1876 года в третьем часу пополудни, в день по-весеннему свежий и по-летнему теплый, в Александровском саду, на глазах у многочисленных свидетелей, случилось безобразное, ни в какие рамки не укладывающееся происшествие.\r\nПо аллеям, среди цветущих кустов сирени и пылающих алыми тюльпанами клумб прогуливалась нарядная публика — дамы под кружевными (чтоб избежать веснушек) зонтиками, бонны с детьми в матросских костюмчиках, скучающего вида молодые люди в модных шевиотовых сюртуках либо в коротких на английский манер пиджаках. Ничто не предвещало неприятностей, в воздухе, наполненном ароматами зрелой, уверенной весны, разливались ленивое довольство и отрадная скука. Солнце припекало не на шутку, и скамейки, что оказались в тени, все были заняты.\r\nНа одной из них, расположенной неподалеку от Грота и обращенной к решетке, за которой начиналась Неглинная улица и виднелась желтая стена Манежа, сидели две дамы. Одна, совсем юная (пожалуй, что и не дама вовсе, а барышня) читала книжку в сафьяновом переплете, то и дело с рассеянным любопытством поглядывая по сторонам. Вторая, гораздо старше, в добротном темно-синем шерстяном платье и практичных ботиках на шнуровке, сосредоточенно вязала нечто ядовито-розовое, мерно перебирая спицами. При этом она успевала вертеть головой то вправо, то влево, и ее быстрый взгляд был до того цепким, что, верно, от него никак не могло ускользнуть что-нибудь хоть сколько-то примечательное.\r\nНа молодого человека в узких клетчатых панталонах, сюртуке, небрежно расстегнутом над белым жилетом, и круглой швейцарской шляпе дама обратила внимание сразу  — уж больно странно шел он по аллее: то остановится, высматривая кого-то среди гуляющих, то порывисто сделает несколько шагов, то снова застынет. Внезапно неуравновешенный субъект взглянул на наших дам и, словно приняв некое решение, направился к ним широкими шагами. Остановился перед скамейкой и, обращаясь к юной барышне, воскликнул шутовским фальцетом:\r\n— Сударыня! Говорил ли вам кто-нибудь прежде, что вы невыносимо прекрасны?\r\nБарышня, которая и в самом деле была чудо как хороша, уставилась на наглеца, чуть приоткрыв от испуга земляничные губки. Даже ее зрелая спутница, и та опешила от столь неслыханной развязности.\r\n— Я сражен с первого взгляда! — фиглярствовал неизвестный, вполне, впрочем, презентабельной наружности молодой человек (модно подстриженные виски, высокий бледный лоб, возбужденно горящие карие глаза). — Позвольте же запечатлеть на вашем невинном челе еще более невинный, совершенно братский поцелуй!\r\n— Зударь, да вы зовсем пьяный! — опомнилась дама с вязанием, причем оказалось, что говорит она с характерным немецким акцентом.\r\n— Я пьян исключительно от любви, — уверил ее наглец и тем же неестественным, с подвыванием голосом потребовал. — Один-единственный поцелуй, иначе я немедленно наложу на себя руки!\r\nБарышня вжалась в спинку скамейки, обернув личико к своей защитнице. Та же, невзирая на всю тревожность ситуации, проявила полное присутствие духа:\r\n— Немедленно убирайтесь фон! Вы зумасшедший! — повысила она голос и выставила вперед вязанье с воинственно торчащими спицами. — я зову городовой!\r\nИ тут случилось нечто уж совершенно дикое.\r\n— Ах так! Меня отвергают! — с фальшивым отчаянием возопил молодой человек, картинно прикрыл рукою глаза и внезапно извлек из внутреннего кармана маленький, посверкивающий черной сталью револьвер. — Так стоит ли после этого жить? Одно ваше слово, и я живу! Одно ваше слово, и я падаю мертвым! — воззвал он к барышне, которая и сама сидела ни жива, ни мертва. — вы молчите? Так прощайте же!\r\nВид размахивающего оружием господина не мог не привлечь внимания гуляющих. Несколько человек из числа тех, что оказались неподалеку, — полная дама с веером в руке, важный господин с анненским крестом на шее, две институтки в одинаковых коричневых платьицах с пелеринами — замерли на месте, и даже по ту сторону ограды, уже на тротуаре, остановился какой-то студент. Одним словом, можно было надеяться, что безобразной сцене будет немедленно положен конец.\r\nНо дальнейшее произошло так быстро, что вмешаться никто не успел.\r\n— Наудачу! — крикнул пьяный (а может, и сумасшедший), зачем-то поднял руку с револьвером высоко над головой, крутанул барабан и приложил дуло к виску.\r\n— Клоун! Пшют гороховый!  — прошипела храбрая немка, обнаруживая неплохое знание разговорной русской речи.\r\nЛицо молодого человека, и без того бледное, стало сереть и зеленеть, он прикусил нижнюю губу и зажмурился. Барышня на всякий случай тоже закрыла глаза.\r\nИ правильно сделала — это избавило ее от кошмарного зрелища: в миг, когда грянул выстрел, голова самоубийцы резко дернулась в сторону, и из сквозного отверстия, чуть повыше левого уха, выметнулся красно-белый фонтанчик.\r\nНачалось нечто неописуемое. Немка возмущенно поозиралась, словно призывая всех в свидетели такого неслыханного безобразия, а потом истошно заверещала, присоединив свой голос к визгу институток и полной дамы, которые издавали пронзительные крики уже в течение нескольких секунд. Барышня лежала без чувств — на мгновение приоткрыла-таки глаза и немедленно обмякла. Отовсюду сбегались люди, а студент, стоявший у решетки, чувствительная натура, наоборот бросился прочь, через мостовую, в сторону Моховой.	865755cf-3c05-4a7f-9ba7-ae242758b582
Алые паруса	Грин А.С.	e1c60026-5e31-4bfc-9aaf-285d567a9ec7	9785699360956	Книга Алые паруса Александра Грина, написана в 1922 году – удивительно нежное, трогательное произведение, которое не оставит равнодушным любого из читателей. Написанная, казалось бы, о любви и девичьих грезах, эта книга преподаст нам важный жизненный урок о порядочности, верности себе и своим идеалам, мужественности и стойкости перед лицом всеобщего непонимания. И пусть в рассказанной писателем истории царит Ее Величество Романтика, книга «Алые паруса» одна из тех редких книг, которая затронет потаенные струны в душе каждого, независимо от сегодняшнего состояния души, пола и возраста...	https://encrypted-tbn0.gstatic.com/images?q=tbn:ANd9GcThXOlmNwhfZYgF20pD_xbcMi42M-ydCAp6bnHHUVkuoCO8ySBBtw	Лонгрен, матрос «Ориона», крепкого трехсоттонного брига, на котором он прослужил десять лет и к которому был привязан сильнее, чем иной сын к родной матери, должен был наконец покинуть эту службу.\r\nЭто произошло так. В одно из его редких возвращений домой, он не увидел, как всегда еще издали, на пороге дома свою жену Мери, всплескивающую руками, а затем бегущую навстречу до потери дыхания. Вместо нее, у детской кроватки — нового предмета в маленьком доме Лонгрена — стояла взволнованная соседка.\r\n— Три месяца я ходила за нею, старик, — сказала она, — посмотри на свою дочь.\r\nМертвея, Лонгрен наклонился и увидел восьмимесячное существо, сосредоточенно взиравшее на его длинную бороду, затем сел, потупился и стал крутить ус. Ус был мокрый, как от дождя.\r\n— Когда умерла Мери? — спросил он.\r\nЖенщина рассказала печальную историю, перебивая рассказ умильным гульканием девочке и уверениями, что Мери в раю. Когда Лонгрен узнал подробности, рай показался ему немного светлее дровяного сарая, и он подумал, что огонь простой лампы — будь теперь они все вместе, втроем — был бы для ушедшей в неведомую страну женщины незаменимой отрадой.\r\nМесяца три назад хозяйственные дела молодой матери были совсем плохи. Из денег, оставленных Лонгреном, добрая половина ушла на лечение после трудных родов, на заботы о здоровье новорожденной; наконец, потеря небольшой, но необходимой для жизни суммы, заставила Мери попросить в долг денег у Меннерса. Меннерс держал трактир, лавку и считался состоятельным человеком.\r\nМери пошла к нему в шесть часов вечера. Около семи рассказчица встретила ее на дороге к Лиссу. Заплаканная и расстроенная Мери сказала, что идет в город заложить обручальное кольцо. Она прибавила, что Меннерс соглашался дать денег, но требовал за это любви. Мери ничего не добилась.\r\n— У нас в доме нет даже крошки съестного, — сказала она соседке. — Я схожу в город, и мы с девочкой перебьемся как-нибудь до возвращения мужа.\r\nВ этот вечер была холодная, ветреная погода; рассказчица напрасно уговаривала молодую женщину не ходить в Лисс к ночи. «Ты промокнешь, Мери, накрапывает дождь, а ветер, того и гляди, принесет ливень».\r\nВзад и вперед от приморской деревни в город составляло не менее трех часов скорой ходьбы, но Мери не послушалась советов рассказчицы. «Довольно мне колоть вам глаза, — сказала она, — и так уж нет почти ни одной семьи, где я не взяла бы в долг хлеба, чаю или муки. Заложу колечко, и кончено». Она сходила, вернулась, а на другой день слегла в жару и бреду; непогода и вечерняя изморось сразила ее двухсторонним воспалением легких, как сказал городской врач, вызванный добросердной рассказчицей. Через неделю на двуспальной кровати Лонгрена осталось пустое место, а соседка переселилась в его дом нянчить и кормить девочку. Ей, одинокой вдове, это было не трудно. К тому же, — прибавила она, — без такого несмышленыша скучно.\r\nЛонгрен поехал в город, взял расчет, простился с товарищами и стал растить маленькую Ассоль. Пока девочка не научилась твердо ходить, вдова жила у матроса, заменяя сиротке мать, но лишь только Ассоль перестала падать, занося ножку через порог, Лонгрен решительно объявил, что теперь он будет сам все делать для девочки, и, поблагодарив вдову за деятельное сочувствие, зажил одинокой жизнью вдовца, сосредоточив все помыслы, надежды, любовь и воспоминания на маленьком существе.\r\nДесять лет скитальческой жизни оставили в его руках очень немного денег. Он стал работать. Скоро в городских магазинах появились его игрушки — искусно сделанные маленькие модели лодок, катеров, однопалубных и двухпалубных парусников, крейсеров, пароходов — словом, того, что он близко знал, что, в силу характера работы, отчасти заменяло ему грохот портовой жизни и живописный труд плаваний. Этим способом Лонгрен добывал столько, чтобы жить в рамках умеренной экономии. Малообщительный по натуре, он, после смерти жены, стал еще замкнутее и нелюдимее. По праздникам его иногда видели в трактире, но он никогда не присаживался, а торопливо выпивал за стойкой стакан водки и уходил, коротко бросая по сторонам: «да», «нет», «здравствуйте», «прощай», «помаленьку» — на все обращения и кивки соседей. Гостей он не выносил, тихо спроваживая их не силой, но такими намеками и вымышленными обстоятельствами, что посетителю не оставалось ничего иного, как выдумать причину, не позволяющую сидеть дольше.\r\nСам он тоже не посещал никого; таким образом меж ним и земляками легло холодное отчуждение, и будь работа Лонгрена — игрушки — менее независима от дел деревни, ему пришлось бы ощутительнее испытать на себе последствия таких отношений. Товары и съестные припасы он закупал в городе — Меннерс не мог бы похвастаться даже коробкой спичек, купленной у него Лонгреном. Он делал также сам всю домашнюю работу и терпеливо проходил несвойственное мужчине сложное искусство ращения девочки.\r\nАссоль было уже пять лет, и отец начинал все мягче и мягче улыбаться, посматривая на ее нервное, доброе личико, когда, сидя у него на коленях, она трудилась над тайной застегнутого жилета или забавно напевала матросские песни — дикие ревостишия. В передаче детским голосом и не везде с буквой «р» эти песенки производили впечатление танцующего медведя, украшенного голубой ленточкой. В это время произошло событие, тень которого, павшая на отца, укрыла и дочь.\r\nБыла весна, ранняя и суровая, как зима, но в другом роде. Недели на три припал к холодной земле резкий береговой норд.	865755cf-3c05-4a7f-9ba7-ae242758b582
Герой нашего времени	Лермонтов М.Ю.	120eafec-5e91-4a4a-b5f9-78fcbe4d39ea	9780140447958	"Герой нашего времени" по праву считается первым психологическим романом в русской литературе. В основе повествования — история жизни главного героя, Григория Печорина. Произведение состоит из пяти частей, расположенных не в хронологическом порядке, однако в этом есть своя логика. Писатель постепенно начинает погружать читателя во внутренний мир его героя, циника, прожигателя жизни, ни во что не верящего, противоречивого и неоднозначного. При всем при этом «Герой нашего времени» — это и философское произведение, ставящее перед читателем важнейшие вопросы о смысле жизни, о роли фатума; это еще и любовный роман, увлекательный, волнующий и трагический. Написанный в позапрошлом веке «Герой нашего времени», не теряет своей актуальности, потому что в каждом поколении есть свои герои, свои Печорины, свои "лишние люди"	\N	Во всякой книге предисловие есть первая и вместе с тем последняя вещь; оно или служит объяснением цели сочинения, или оправданием и ответом на критики. Но обыкновенно читателям дела нет до нравственной цели и до журнальных нападок, и потому они не читают предисловий. А жаль, что это так, особенно у нас. Наша публика так еще молода и простодушна, что не понимает басни, если в конце ее на находит нравоучения. Она не угадывает шутки, не чувствует иронии; она просто дурно воспитана. Она еще не знает, что в порядочном обществе и в порядочной книге явная брань не может иметь места; что современная образованность изобрела орудие более острое, почти невидимое и тем не менее смертельное, которое, под одеждою лести, наносит неотразимый и верный удар. Наша публика похожа на провинциала, который, подслушав разговор двух дипломатов, принадлежащих к враждебным дворам, остался бы уверен, что каждый из них обманывает свое правительство в пользу взаимной нежнейшей дружбы.\r\nЭта книга испытала на себе еще недавно несчастную доверчивость некоторых читателей и даже журналов к буквальному значению слов. Иные ужасно обиделись, и не шутя, что им ставят в пример такого безнравственного человека, как Герой Нашего Времени; другие же очень тонко замечали, что сочинитель нарисовал свой портрет и портреты своих знакомых... Старая и жалкая шутка! Но, видно, Русь так уж сотворена, что все в ней обновляется, кроме подобных нелепостей. Самая волшебная из волшебных сказок у нас едва ли избегнет упрека в покушении на оскорбление личности!\r\nГерой Нашего Времени, милостивые государи мои, точно, портрет, но не одного человека: это портрет, составленный из пороков всего нашего поколения, в полном их развитии. Вы мне опять скажете, что человек не может быть так дурен, а я вам скажу, что ежели вы верили возможности существования всех трагических и романтических злодеев, отчего же вы не веруете в действительность Печорина? Если вы любовались вымыслами гораздо более ужасными и уродливыми, отчего же этот характер, даже как вымысел, не находит у вас пощады? Уж не оттого ли, что в нем больше правды, нежели бы вы того желали?..\r\nВы скажете, что нравственность от этого не выигрывает? Извините. Довольно людей кормили сластями; у них от этого испортился желудок: нужны горькие лекарства, едкие истины. Но не думайте, однако, после этого, чтоб автор этой книги имел когда-нибудь гордую мечту сделаться исправителем людских пороков. Боже его избави от такого невежества! Ему просто было весело рисовать современного человека, каким он его понимает, и к его и вашему несчастью, слишком часто встречал. Будет и того, что болезнь указана, а как ее излечить — это уж бог знает!	\N
Гранатовый браслет	Куприн А.	b2b53dfe-bc71-4c3a-b7ba-185142ba0a57	\N	Герои произведений А.И.Куприна воспринимают любовь как чудо, как бесценный дар; по словам автора, она "дороже богатства, славы и мудрости, дороже самой жизни". Именно это чувство окрыляет полесскую красавицу Олесю, готовую пожертвовать всем ради любимого ("Олеся"), возвышает над реалиями повседневной жизни мелкого чиновника Желткова, испытавшего самую глубокую и утонченную любовь, на какую только способен человек ("Гранатовый браслет"). Издание оформлено фрагментами работ великих художников.	https://i.livelib.ru/boocover/1002705493/140x220/941b/Aleksandr_Kuprin__Olesya._Granatovyj_braslet.jpg	В середине августа, перед рождением молодого месяца, вдруг наступили отвратительные погоды, какие так свойственны северному побережью Черного моря. То по целым суткам тяжело лежал над землею и морем густой туман, и тогда огромная сирена на маяке ревела днем и ночью, точно бешеный бык. То с утра до утра шел не переставая мелкий, как водяная пыль, дождик, превращавший глинистые дороги и тропинки в сплошную густую грязь, в которой увязали надолго возы и экипажи. То задувал с северо-запада, со стороны степи свирепый ураган; от него верхушки деревьев раскачивались, пригибаясь и выпрямляясь, точно волны в бурю, гремели по ночам железные кровли дач, и казалось, будто кто-то бегает по ним в подкованных сапогах, вздрагивали оконные рамы, хлопали двери, и дико завывало в печных трубах. Несколько рыбачьих баркасов заблудилось в море, а два и совсем не вернулись: только спустя неделю повыбрасывало трупы рыбаков в разных местах берега.\r\nОбитатели пригородного морского курорта — большей частью греки и евреи, жизнелюбивые и мнительные, как все южане, — поспешно перебирались в город. По размякшему шоссе без конца тянулись ломовые дроги, перегруженные всяческими домашними вещами: тюфяками, диванами, сундуками, стульями, умывальниками, самоварами. Жалко, и грустно, и противно было глядеть сквозь мутную кисею дождя на этот жалкий скарб, казавшийся таким изношенным, грязным и нищенским; на горничных и кухарок, сидевших на верху воза на мокром брезенте с какими-то утюгами, жестянками и корзинками в руках, на запотевших, обессилевших лошадей, которые то и дело останавливались, дрожа коленями, дымясь и часто нося боками, на сипло ругавшихся дрогалей, закутанных от дождя в рогожи. Еще печальнее было видеть оставленные дачи с их внезапным простором, пустотой и оголенностью, с изуродованными клумбами, разбитыми стеклами, брошенными собаками и всяческим дачным сором из окурков, бумажек, черепков, коробочек и аптекарских пузырьков.\r\nНо к началу сентября погода вдруг резко и совсем нежданно переменилась. Сразу наступили тихие безоблачные дни, такие ясные, солнечные и теплые, каких не было даже в июле. На обсохших сжатых полях, на их колючей желтой щетине заблестела слюдяным блеском осенняя паутина. Успокоившиеся деревья бесшумно и покорно роняли желтые листья.\r\nКнягиня Вера Николаевна Шеина, жена предводителя дворянства, не могла покинуть дачи, потому что в их городском доме еще не покончили с ремонтом. И теперь она очень радовалась наступившим прелестным дням, тишине, уединению, чистому воздуху, щебетанью на телеграфных проволоках ласточек, ста́ившихся к отлету, и ласковому соленому ветерку, слабо тянувшему с моря.	ff084d26-4290-4952-b99f-82d2bf794924
Анна Каренина	Толстой Л.Н.	8064c777-9d7b-4748-bd5d-288558a3bb1b	9788617048806	«Анна Каренина» — лучший роман о женщине, написанный в XIX веке. По словам Ф. М. Достоевского, «Анна Каренина» поразила современников «не только вседневностью содержания, но и огромной психологической разработкой души человеческой, страшной глубиной и силой». Уже к началу 1900-х годов роман Толстого был переведен на многие языки мира, а в настоящее время входит в золотой фонд мировой литературы.	https://i.livelib.ru/boocover/1001188169/200/28d1/Lev_Tolstoj__Anna_Karenina.jpg	АННА КАРЕНИНА\r\nМне отмщение, и Аз воздам\r\n\r\nЧАСТЬ ПЕРВАЯ\r\nI\r\nВсе счастливые семьи похожи друг на друга, каждая несчастливая семья несчастлива по-своему.\r\nВсе смешалось в доме Облонских. Жена узнала, что муж был в связи с бывшею в их доме француженкою-гувернанткой, и объявила мужу, что не может жить с ним в одном доме. Положение это продолжалось уже третий день и мучительно чувствовалось и самими супругами, и всеми членами семьи, и домочадцами. Все члены семьи и домочадцы чувствовали, что нет смысла в их сожительстве и что на каждом постоялом дворе случайно сошедшиеся люди более связаны между собой, чем они, члены семьи и домочадцы Облонских. Жена не выходила из своих комнат, мужа третий день не было дома. Дети бегали по всему дому, как потерянные; англичанка поссорилась с экономкой и написала записку приятельнице, прося приискать ей новое место; повар ушел вчера со двора, во время самого обеда; черная кухарка и кучер просили расчета.\r\nНа третий день после ссоры князь Степан Аркадьич Облонский — Стива, как его звали в свете, — в обычный час, то есть в восемь часов утра, проснулся не в спальне жены, а в своем кабинете, на сафьянном диване. Он повернул свое полное, выхоленное тело на пружинах дивана, как бы желая опять заснуть надолго, с другой стороны крепко обнял подушку и прижался к ней щекой; но вдруг вскочил, сел на диван и открыл глаза.\r\n«Да, да, как это было? — думал он, вспоминая сон. — Да, как это было? Да! Алабин давал обед в Дармштадте; нет, не в Дармштадте, а что-то американское. Да, но там Дармштадт был в Америке. Да, Алабин давал обед на стеклянных столах, да, — и столы пели: Il mio tesoro 1 и не Il mio tesoro, а что-то лучше, и какие-то маленькие графинчики, и они же женщины», — вспоминал он.\r\nГлаза Степана Аркадьича весело заблестели, и он задумался, улыбаясь. «Да, хорошо было, очень хорошо. Много еще что-то там было отличного, да не скажешь словами и мыслями даже наяву не выразишь». И, заметив полосу света, пробившуюся сбоку одной из суконных стор, он весело скинул ноги с дивана, отыскал ими шитые женой (подарок ко дню рождения в прошлом году), обделанные в золотистый сафьян туфли, и по старой, девятилетней привычке, не вставая, потянулся рукой к тому месту, где в спальне у него висел халат. И тут он вспомнил вдруг, как и почему он спит не в спальне жены, а в кабинете; улыбка исчезла с его лица, он сморщил лоб.\r\n«Ах, ах, ах! Ааа!..» — замычал он, вспоминая все, что было. И его воображению представились опять все подробности ссоры с женою, вся безвыходность его положения и мучительнее всего собственная вина его.\r\n«Да! она не простит и не может простить. И всего ужаснее то, что виной всему я, виной я, а не виноват. В этом-то вся драма, — думал он. — Ах, ах, ах!» — приговаривал он с отчаянием, вспоминая самые тяжелые для себя впечатления из этой ссоры.\r\nНеприятнее всего была та первая минута, когда он, вернувшись из театра, веселый и довольный, с огромною грушей для жены в руке, не нашел жены в гостиной; к удивлению, не нашел ее и в кабинете и, наконец, увидал ее в спальне с несчастною, открывшею все, запиской в руке.\r\nОна, эта вечно озабоченная, и хлопотливая, и недалекая, какою он считал ее, Долли, неподвижно сидела с запиской в руке и с выражением ужаса, отчаяния и гнева смотрела на него.\r\n— Что это? это? — спрашивала она, указывая на записку.\r\nИ при этом воспоминании, как это часто бывает, мучало Степана Аркадьича не столько самое событие, сколько то, как он ответил на эти слова жены.\r\nС ним случилось в эту минуту то, что случается с людьми, когда они неожиданно уличены в чем-нибудь слишком постыдном. Он не сумел приготовить свое лицо к тому положению, в которое он становился перед женой после открытия его вины. Вместо того чтоб оскорбиться, отрекаться, оправдываться, просить прощения, оставаться даже равнодушным — все было бы лучше того, что он сделал! — его лицо совершенно невольно («рефлексы головного мозга», — подумал Степан Аркадьич, который любил физиологию), совершенно невольно вдруг улыбнулось привычною, доброю и потому глупою улыбкой.\r\nЭту глупую улыбку он не мог простить себе. Увидав эту улыбку, Долли вздрогнула, как от физической боли, разразилась, со свойственною ей горячностью, потоком жестоких слов и выбежала из комнаты. С тех пор она не хотела видеть мужа.\r\n«Всему виной эта глупая улыбка», — думал Степан Аркадьич.\r\n«Но что ж делать? что ж делать?» — с отчаянием говорил он себе и не находил ответа.	\N
Война и мир	Толстой Л.Н.	76dd2ba5-01c1-4ce6-893e-530efaa0b3a8	9781977684233	Хорошо известный классический роман-эпопея Льва Толстого рассказывает о сложном, бурном периоде в истории России и всей Европы — эпохе завоевательных походов императора Наполеона в Восточную Европу и Россию, с 1805 по 1812 год. Автор подробно рассказывает о Войне — о ходе боевых действий от Аустерлица до Бородино и Березины; и о Мире — показана жизнь в России в это же время, причем пером писателя охвачены все слои общества — дворянские семьи, крестьяне, горожане, солдаты и даже императоры. В этом большом, многоплановом романе действуют десятки и сотни персонажей — и в их числе реальные исторические лица, при помощи которых Толстой старается изобразить жизнь в ту эпоху во всем ее многообразии. Часто автор отступает от основных событий романа и излагает свое мнение и взгляды по множеству вопросов — он говорит об исторической науке, о социологии и психологии, морали и нравственности, свободе и необходимости.	https://upload.wikimedia.org/wikipedia/commons/4/41/War-and-peace_1873.gif	— Eh bien, mon prince. Gênes et Lucques ne sont plus que des apanages, des поместья, de la famille Buonaparte. Non, je vous préviens que si vous ne me dites pas que nous avons la guerre, si vous vous permettez encore de pallier toutes les infamies, toutes les atrocités de cet Antichrist (ma parole, j'y crois) — je ne vous connais plus, vous n'êtes plus mon ami, vous n'êtes plus мой верный раб, comme vous dites 1. Ну, здравствуйте, здравствуйте. Je vois que je vous fais peur 2, садитесь и рассказывайте.\r\nТак говорила в июле 1805 года известная Анна Павловна Шерер, фрейлина и приближенная императрицы Марии Феодоровны, встречая важного и чиновного князя Василия, первого приехавшего на ее вечер. Анна Павловна кашляла несколько дней, у нее был грипп, как она говорила (грипп был тогда новое слово, употреблявшееся только редкими). В записочках, разосланных утром с красным лакеем, было написано без различия во всех:\r\n«Si vous n'avez rien de mieux à faire, Monsieur le comte (или mon prince), et si la perspective de passer la soirée chez une pauvre malade ne vous effraye pas trop, je serai charmée de vous voir chez moi entre 7 et 10 heures. Annette Scherer» 3.\r\n— Dieu, quelle virulente sortie! 4 — отвечал, нисколько не смутясь такою встречей, вошедший князь, в придворном, шитом мундире, в чулках, башмаках и звездах, с светлым выражением плоского лица.\r\nОн говорил на том изысканном французском языке, на котором не только говорили, но и думали наши деды, и с теми, тихими, покровительственными интонациями, которые свойственны состаревшемуся в свете и при дворе значительному человеку. Он подошел к Анне Павловне, поцеловал ее руку, подставив ей свою надушенную и сияющую лысину, и покойно уселся на диване.\r\n— Avant tout dites-moi, comment vous allez, chère amie? 5 Успокойте меня, — сказал он, не изменяя голоса и тоном, в котором из-за приличия и участия просвечивало равнодушие и даже насмешка.\r\n— Как можно быть здоровой... когда нравственно страдаешь? Разве можно, имея чувство, оставаться спокойною в наше время? — сказала Анна Павловна. — Вы весь вечер у меня, надеюсь?\r\n— А праздник английского посланника? Нынче середа. Мне надо показаться там, — сказал князь. — Дочь заедет за мной и повезет меня.\r\n— Я думала, что нынешний праздник отменен, Je vous avoue que toutes ces fêtes et tous ces feux d'artifice commencent à devenir insipides 6.\r\n— Ежели бы знали, что вы этого хотите, праздник бы отменили, — сказал князь по привычке, как заведенные часы, говоря вещи, которым он и не хотел, чтобы верили.\r\n— Ne me tourmentez pas. Eh bien, qu'a-t-on décidé par rapport à la dépêche de Novosilzoff? Vous savez tout 7.\r\n— Как вам сказать? — сказал князь холодным, скучающим тоном. — Qu'a-t-on décidé? On a décidé que Buonaparte a brûlé ses vaisseaux, et je crois que nous sommes en train de brûler les nôtres 8.\r\nКнязь Василий говорил всегда лениво, как актер говорит роль старой пиесы. Анна Павловна Шерер, напротив, несмотря на свои сорок лет, была преисполнена оживления и порывов.\r\nБыть энтузиасткой сделалось ее общественным положением, и иногда, когда ей даже того не хотелось, она, чтобы не обмануть ожиданий людей, знавших ее, делалась энтузиасткой. Сдержанная улыбка, игравшая постоянно на лице Анны Павловны, хотя и не шла к ее отжившим чертам, выражала, как у избалованных детей, постоянное сознание своего милого недостатка, от которого она не хочет, не может и не находит нужным исправляться.\r\nВ середине разговора про политические действия Анна Павловна разгорячилась.\r\n— Ах, не говорите мне про Австрию! Я ничего не понимаю, может быть, но Австрия никогда не хотела и не хочет войны. Она предает нас. Россия одна должна быть спасительницей Европы. Наш благодетель знает свое высокое призвание и будет верен ему. Вот одно, во что я верю. Нашему доброму и чудному государю предстоит величайшая роль в мире, и он так добродетелен и хорош, что Бог не оставит его, и он исполнит свое призвание задавить гидру революции, которая теперь еще ужаснее в лице этого убийцы и злодея. Мы одни должны искупить кровь праведника. На кого нам надеяться, я вас спрашиваю?.. Англия с своим коммерческим духом не поймет и не может понять всю высоту души императора Александра. Она отказалась очистить Мальту. Она хочет видеть, ищет заднюю мысль наших действий. Что они сказали Новосильцеву? Ничего. Они не поняли, они не могли понять самоотвержения нашего императора, который ничего не хочет для себя и все хочет для блага мира. И что они обещали? Ничего. И что обещали, и того не будет! Пруссия уже объявила, что Бонапарте непобедим и что вся Европа ничего не может против него... И я не верю ни в одном слове ни Гарденбергу, ни Гаугвицу. Cette fameuse neutralité prussienne, ce n'est qu'un piège 9. Я верю в одного Бога и в высокую судьбу нашего милого императора. Он спасет Европу!.. — Она вдруг остановилась с улыбкой насмешки над своею горячностью.\r\n— Я думаю, — сказал князь, улыбаясь, — что, ежели бы вас послали вместо нашего милого Винценгероде, вы бы взяли приступом согласие прусского короля. Вы так красноречивы. Вы дадите мне чаю?\r\n— Сейчас. A propos, — прибавила она, опять успокоиваясь, — нынче у меня два очень интересные человека, le vicomte de Mortemart, il est allié aux Montmorency par les Rohans 10, одна из лучших фамилий Франции. Это один из хороших эмигрантов, из настоящих. И потом l'abbé Morio; 11 вы знаете этот глубокий ум? Он был принят государем. Вы знаете?\r\n— А! Я очень рад буду, — сказал князь. — Скажите, — прибавил он, как будто только что вспомнив что-то и особенно-небрежно, тогда как то, о чем он спрашивал, было главной целью его посещения, — правда, что l'impératrice-mère 12 желает назначения барона Функе первым секретарем в Вену? C'est un pauvre sire, ce baron, à ce qu'il paraît 13. — Князь Василий желал определить сына на это место, которое через императрицу Марию Феодоровну старались доставить барону.\r\nАнна Павловна почти закрыла глаза в знак того, что ни она, ни кто другой не могут судить про то, что угодно или нравится императрице.\r\n— Monsieur le baron de Funke a été recommandé à l'impératrice-mère par sa sur 14, — только сказала она грустным, сухим тоном. В то время как Анна Павловна назвала императрицу, лицо ее вдруг представило глубокое и искреннее выражение преданности и уважения, соединенное с грустью, что с ней бывало каждый раз, когда она в разговоре упоминала о своей высокой покровительнице. Она сказала, что ее величество изволила оказать барону Функе beaucoup d'estime 15, и опять взгляд ее подернулся грустью.\r\nКнязь равнодушно замолк, Анна Павловна, с свойственною ей придворною и женскою ловкостью и быстротою такта, захотела и щелкануть князя за то, что он дерзнул так отозваться о лице, рекомендованном императрице, и в то же время утешить его.\r\n— Mais à propos de votre famille, — сказала она, — знаете ли, что ваша дочь, с тех пор как выезжает, fait les délices de tout le monde. On la trouve belle comme le jour 16.\r\nКнязь наклонился в знак уважения и признательности.\r\n— Я часто думаю, — продолжала Анна Павловна после минутного молчания, придвигаясь к князю и ласково улыбаясь ему, как будто выказывая этим, что политические и светские разговоры кончены и теперь начинается задушевный, — я часто думаю, как иногда несправедливо распределяется счастие жизни. За что вам дала судьба таких двух славных детей (исключая Анатоля, вашего меньшого, я его не люблю, — вставила она безапелляционно, приподняв брови), — таких прелестных детей? А вы, право, менее всех цените их и потому их не сто́ите.	\N
Евгений Онегин	Пушкин А.С.	bd4f5412-75d5-4221-8e20-8d08301cb2d2	9785421500148	Роман в стихах ЕВГЕНИЙ ОНЕГИН - самое известное и самое значительное произведение А. С. Пушкина, вершина русской поэзии и предмет многочисленных исследований. Пушкин начал писать роман в мае 1823 года, а закончил только осенью 1831 года, когда было написано "Письмо Онегина к Татьяне". Осенью 1823 года он сообщал друзьям: "…Я теперь пишу не роман, а роман в стихах - дьявольская разница… " Занимательный, легкий, основанный на любовной истории, переданной в манере доверительной беседы автора с читателем, и вместе с тем полный неразрешимых парадоксов и загадок. Противоречивость, многомерность, составляющие самую суть пушкинского романа, привлекают новые поколения читателей, позволяют открывать в нем новые смыслы.	https://upload.wikimedia.org/wikipedia/commons/e/ed/Eugene_Onegin_book_edition.jpg	I\r\n«Мой дядя самых честных правил,\r\nКогда не в шутку занемог,\r\nОн уважать себя заставил\r\nИ лучше выдумать не мог.\r\nЕго пример другим наука;\r\nНо, боже мой, какая скука\r\nС больным сидеть и день и ночь,\r\nНе отходя ни шагу прочь!\r\nКакое низкое коварство\r\nПолуживого забавлять,\r\nЕму подушки поправлять,\r\nПечально подносить лекарство,\r\nВздыхать и думать про себя:\r\nКогда же черт возьмет тебя!»\r\nII\r\nТак думал молодой повеса,\r\nЛетя в пыли на почтовых,\r\nВсевышней волею Зевеса\r\nНаследник всех своих родных.\r\nДрузья Людмилы и Руслана!\r\nС героем моего романа\r\nБез предисловий, сей же час\r\nПозвольте познакомить вас:\r\nОнегин, добрый мой приятель,\r\nРодился на брегах Невы,\r\nГде, может быть, родились вы\r\nИли блистали, мой читатель;\r\nТам некогда гулял и я:\r\nНо вреден север для меня 1.\r\nIII\r\nСлужив отлично благородно,\r\nДолгами жил его отец,\r\nДавал три бала ежегодно\r\nИ промотался наконец.\r\nСудьба Евгения хранила:\r\nСперва Madame за ним ходила,\r\nПотом Monsieur ее сменил.\r\nРебенок был резов, но мил.\r\nMonsieur l'Abbé, француз убогой,\r\nЧтоб не измучилось дитя,\r\nУчил его всему шутя,\r\nНе докучал моралью строгой,\r\nСлегка за шалости бранил\r\nИ в Летний сад гулять водил.	\N
Как закалялась сталь	Островский Н.А.	0ae645a5-f871-4488-aefd-f93a22d9bc64	\N	«Как закалялась сталь» — автобиографический роман советского писателя Николая Алексеевича Островского, написанный в 1932 году. Книга написана в стилистике социалистического реализма.\r\n\r\nВ апреле 1934 года журнал «Молодая гвардия» начал публикацию романа, в ноябре того же года первая часть вышла отдельной книгой, за ней вышла и вторая часть. Роман сразу приобрёл большую популярность и стал самым издаваемым произведением Советской литературы за 1918—1986 годы: общий тираж 536 изданий составил 36,416 млн экземпляров[1][2]. По данным Государственного музея — гуманитарного центра «Преодоление» им. Н.А. Островского в Москве к 1 января 1991 г. «Как закалялась сталь» была издана на 75 языках народов СССР 773 раза суммарным тиражом 53 млн 854 тыс. экземпляров.	\N	– Кто из вас перед праздником приходил ко мне домой отвечать урок – встаньте!\r\nОбрюзглый человек в рясе, с тяжелым крестом на шее, угрожающе посмотрел на учеников.\r\nМаленькие злые глазки точно прокалывали всех шестерых, поднявшихся со скамеек, – четырех мальчиков и двух девочек. Дети боязливо посматривали на человека в рясе.\r\n– Вы садитесь, – махнул поп в сторону девочек. Те быстро сели, облегченно вздохнув.\r\nГлазки отца Василия сосредоточились на четырех фигурках.\r\n– Идите-ка сюда, голубчики!\r\nОтец Василий поднялся, отодвинул стул и подошел вплотную к сбившимся в кучу ребятам:\r\n– Кто из вас, подлецов, курит? Все четверо тихо ответили:\r\n– Мы не курим, батюшка. Лицо попа побагровело.\r\n– Не курите, мерзавцы, а махорку кто в тесто насыпал? Не курите? А вот мы сейчас посмотрим! Выверните карманы! Ну, живо! Что я вам говорю? Выворачивайте!\r\nТрое начали вынимать содержимое своих карманов на стол.\r\nПоп внимательно просматривал швы, ища следы табака, но не нашел ничего и принялся за четвертого, черноглазого, в серенькой рубашке и синих штанах с заплатами на коленях.\r\n– А ты что, как истукан, стоишь?\r\nЧерноглазый, глядя с затаенной ненавистью, глухо ответил:\r\n– У меня нет карманов, – и провел руками по зашитым швам.\r\n– А-а-а, нет карманов? Так ты думаешь, я не знаю, кто мог сделать такую подлость – испортить тесто! Ты думаешь, что и теперь останешься в школе? Нет, голубчик, это тебе даром не пройдет. В прошлый раз только твоя мать упросила оставить тебя, ну, а теперь уж конец. Марш из класса! – Он больно схватил за ухо и вышвырнул мальчишку в коридор, закрыв за ним дверь.\r\nКласс затих, съежился. Никто не понимал, почему Павку Корчагина выгнали из школы. Только Сережка Брузжак, друг и приятель Павки, видел, как Павка насыпал попу в пасхальное тесто горсть махры там, на кухне, где ожидали попа шестеро неуспевающих учеников. Им пришлось отвечать уроки уже на квартире у попа.\r\nВыгнанный Павка присел на последней ступеньке крыльца. Он думал о том, как ему явиться домой и что сказать матери, такой заботливой, работающей с утра до поздней ночи кухаркой у акцизного инспектора.\r\nПавку душили слезы.\r\n«Ну что мне теперь делать? И все из-за этого проклятого попа. И на черта я ему махры насыпал? Сережка подбил. „Давай, говорит, насыплем гадюке вредному“. Вот и всыпали. Сережке ничего, а меня, наверное, выгонят».\r\nУже давно началась эта вражда с отцом Василием. Как-то подрался Павка с Левчуковым Мишкой, и его оставили «без обеда». Чтобы не шалил в пустом классе, учитель привел шалуна к старшим, во второй класс. Павка уселся на заднюю скамью.\r\nУчитель, сухонький, в черном пиджаке, рассказывал про землю, светила Павка слушал, разинув рот от удивления, что земля уже существует много миллионов лет и что звезды тоже вроде земли. До того был удивлен услышанным, что даже пожелал встать и сказать учителю: «В законе божием не так написано», но побоялся, как бы не влетело.\r\nПо закону божию поп всегда ставил Павке пять. Все тропари, Новый и Ветхий завет знал он на зубок; твердо знал, в какой день что произведено богом. Павка решил расспросить отца Василия. На первом же уроке закона, едва поп уселся в кресло, Павка поднял руку и, получив разрешение говорить, встал:\r\n– Батюшка, а почему учитель в старшем классе говорит, что земля миллион лет стоит, а не как в законе божием – пять тыс. – и сразу осел от визгливого крика отца Василия:\r\n– Что ты сказал, мерзавец? Вот ты как учишь слово божие!\r\nНе успел Павка и пикнуть, как поп схватил его за оба уха и начал долбить головой об стенку. Через минуту, избитого и перепуганного, его выбросили в коридор.\r\nЗдорово попало Павке и от матери.\r\nНа другой день пошла она в школу и упросила отца Василия принять сына обратно. Возненавидел с тех пор попа Павка всем своим существом. Ненавидел и боялся. Никому не прощал он своих маленьких обид; не забывал и попу незаслуженную порку, озлобился, затаился.\r\nМного еще мелких обид перенес мальчик от отца Василия: гонял его поп за дверь, целыми неделями в угол ставил за пустяки и не спрашивал у него ни разу уроков, а перед пасхой из-за этого пришлось ему с неуспевающими к попу на дом идти сдавать. Там, на кухне, и всыпал Павка махры в пасхальное тесто.\r\nНикто не видел, а все же поп сразу узнал, чья это работа.\r\n...Урок окончился, детвора высыпала во двор и обступила Павку. Он хмуро отмалчивался. Сережка Брузжак из класса не выходил, чувствовал, что и он виноват, но помочь товарищу ничем не мог.\r\nВ открытое окно учительской высунулась голова заведующего школой Ефрема Васильевича, и густой бас его заставил Павку вздрогнуть.\r\n– Пошлите сейчас же ко мне Корчагина! – крикнул он. И Павка с заколотившимся сердцем пошел в учительскую.	ff084d26-4290-4952-b99f-82d2bf794924
Гроза	Островский Н.А.	e1c525d1-4090-4cde-a008-fa5de026480d	\N	Островский писал драму «Гроза» под впечатлением от экспедиции по городам Поволжья. Неудивительно, что в тексте произведения отразились не только нравы, но и быт жителей провинции. Следует обратить внимание на время написания – 1859 год, за год до отмены крепостного права.	\N	ДЕЙСТВИЕ ПЕРВОЕ\r\nОбщественный сад на высоком берегу Волги; за Волгой сельский вид. На сцене две скамейки и несколько кустов.\r\nЯвление первое\r\nКулигин сидит на скамье и смотрит за реку. Кудряш и Шапкин прогуливаются.\r\nКулигин (поет). «Среди долины ровныя, на гладкой высоте...» (Перестает петь.) Чудеса, истинно надобно сказать, что чудеса! Кудряш! Вот, братец ты мой, пятьдесят лет я каждый день гляжу за Волгу и все наглядеться не могу.\r\nКудряш. А что?\r\nКулигин. Вид необыкновенный! Красота! Душа радуется.\r\nКудряш. Нешто́!\r\nКулигин. Восторг! А ты: «нешто́!» Пригляделись вы, либо не понимаете, какая красота в природе разлита.\r\nКудряш. Ну, да ведь с тобой что толковать! Ты у нас антик, химик!\r\nКулигин. Механик, самоучка-механик.\r\nКудряш. Все одно.\r\nМолчание.\r\nКулигин (показывая в сторону). Посмотри-ка, брат Кудряш, кто это там так руками размахивает?\r\nКудряш. Это? Это Дико́й племянника ругает.\r\nКулигин. Нашел место!\r\nКудряш. Ему везде место. Боится, что ль, он кого! Достался ему на жертву Борис Григорьич, вот он на нем и ездит.\r\nШапкин. Уж такого-то ругателя, как у нас Савел Прокофьич, поискать еще! Ни за что человека оборвет.\r\nКудряш. Пронзительный мужик!\r\nШапкин. Хороша тоже и Кабаниха.\r\nКудряш. Ну, да та хоть по крайности все под видом благочестия, а этот как с цепи сорвался!\r\nШапкин. Унять-то ею некому, вот он и воюет!\r\nКудряш. Мало у нас парней-то на мою стать, а то бы мы его озорничать-то отучили.\r\nШапкин. А что бы вы сделали?\r\nКудряш. Постращали бы хорошенько.\r\nШапкин. Как это?\r\nКудряш. Вчетвером этак, впятером в переулке где-нибудь поговорили бы с ним с глазу на глаз, так он бы шелковый сделался. А про нашу науку-то и не пикнул бы никому, только бы ходил да оглядывался.\r\nШапкин. Недаром он хотел тебя в солдаты-то отдать.\r\nКудряш. Хотел, да не отдал, так это все одно что ничего. Не отдаст он меня: он чует носом-то своим, что я свою голову дешево не продам. Это он вам страшен-то, а я с ним разговаривать умею.\r\nШапкин. Ой ли!\r\nКудряш. Что тут: ой ли! Я грубиян считаюсь; за что ж он меня держит? Стало быть, я ему нужен. Ну, значит, я его и не боюсь, а пущай же он меня боится.\r\nШапкин. Уж будто он тебя и не ругает?\r\nКудряш. Как не ругать! Он без этого дышать не может. Да не спускаю и я: он — слово, а я — десять; плюнет, да и пойдет. Нет, уж я перед ним рабствовать не стану.\r\nКулигин. С него, что ль, пример брать! Лучше уж стерпеть.\r\nКудряш. Ну, вот, коль ты умен, так ты его прежде учливости-то выучи, да потом и нас учи! Шаль, что дочери-то у него подростки, больших-то ни одной нет.\r\nШапкин. А то что бы?\r\nКудряш. Я б его уважил. Больно лих я на девок-то!	ff084d26-4290-4952-b99f-82d2bf794924
Дворянское гнездо	Тургенев И.С.	2f8e1452-5ea4-40ab-9150-a88c845566a4	\N	Фёдор Иванович Лаврецкий, возвратившись на Родину, знакомится с девушкой Лизой. Постепенно встречи между ними дают толчок к рождению взаимного большого и чистого чувства. Роман повествует о том, как возникла их любовь, и чем всё закончилось.	\N	Весенний, светлый день клонился к вечеру; небольшие розовые тучки стояли высоко в ясном небе и, казалось, не плыли мимо, а уходили в самую глубь лазури.\r\nПеред раскрытым окном красивого дома, в одной из крайних улиц губернского города О... (дело происходило в 1842 году), сидели две женщины — одна лет пятидесяти, другая уже старушка, семидесяти лет.\r\nПервую из них звали Марьей Дмитриевной Калитиной. Ее муж, бывший губернский прокурор, известный в свое время делец, — человек бойкий и решительный, желчный и упрямый, — умер лет десять тому назад. Он получил изрядное воспитание, учился в университете, но, рожденный в сословии бедном, рано понял необходимость проложить себе дорогу и набить деньгу. Марья Дмитриевна вышла за него по любви: он был недурен собою, умен и, когда хотел, очень любезен. Марья Дмитриевна (в девицах Пестова) еще в детстве лишилась родителей, провела несколько лет в Москве, в институте, и, вернувшись оттуда, жила в пятидесяти верстах от О..., в родовом своем селе Покровском, с теткой да с старшим братом. Брат этот скоро переселился в Петербург на службу и держал и сестру и тетку в черном теле, пока внезапная смерть не положила предела его поприщу. Марья Дмитриевна наследовала Покровское, но не долго жила в нем; на второй же год после ее свадьбы с Калитиным, который в несколько дней успел покорить ее сердце, Покровское было променено на другое имение, гораздо более доходное, но некрасивое и без усадьбы; и в то же время Калитин приобрел дом в городе О..., где и поселился с женою на постоянное жительство. При доме находился большой сад; одной стороной он выходил прямо в поле, за город. «Стало быть, — решил Калитин, большой неохотник до сельской тишины, — в деревню таскаться незачем». Марья Дмитриевна не раз в душе пожалела о своем хорошеньком Покровском с веселой речкой, широкими лугами и зелеными рощами; но она ни в чем не прекословила мужу и благоговела пред его умом и знанием света. Когда же, после пятнадцатилетнего брака, он умер, оставив сына и двух дочерей, Марья Дмитриевна уже до того привыкла к своему дому и к городской жизни, что сама не захотела выехать из О...\r\nМарья Дмитриевна в молодости пользовалась репутацией миленькой блондинки; и в пятьдесят лет черты ее не были лишены приятности, хотя немного распухли и сплылись. Она была более чувствительна, нежели добра, и до зрелых лет сохранила институтские замашки; она избаловала себя, легко раздражалась и даже плакала, когда нарушались ее привычки; зато она была очень ласкова и любезна, когда все ее желания исполнялись и никто ей не прекословил. Дом ее принадлежал к числу приятнейших в городе. Состояние у ней было весьма хорошее, не столько наследственное, сколько благоприобретенное мужем. Обе дочери жили с нею; сын воспитывался в одном из лучших казенных заведений в Петербурге.\r\nСтарушка, сидевшая с Марьей Дмитриевной под окошком, была та самая тетка, сестра ее отца, с которою она провела некогда несколько уединенных лет в Покровском. Звали ее Марфой Тимофеевной Пестовой. Она слыла чудачкой, нрав имела независимый, говорила всем правду в глаза и при самых скудных средствах держалась так, как будто за ней водились тысячи. Она терпеть не могла покойного Калитина и, как только ее племянница вышла за него замуж, удалилась в свою деревушку, где прожила целых десять лет у мужика в курной избе. Марья Дмитриевна ее побаивалась. Черноволосая и быстроглазая даже в старости, маленькая, востроносая, Марфа Тимофеевна ходила живо, держалась прямо и говорила скоро и внятно, тонким и звучным голоском. Она постоянно носила белый чепец и белую кофту.\r\n— О чем ты это? — спросила она вдруг Марью Дмитриевну. — О чем вздыхаешь, мать моя?\r\n— Так, — промолвила та. — Какие чудесные облака!\r\n— Так тебе их жалко, что ли?\r\nМарья Дмитриевна ничего не отвечала.\r\n— Что это Гедеоновский нейдет? — проговорила Марфа Тимофеевна, проворно шевеля спицами (она вязала большой шерстяной шарф). — Он бы повздыхал вместе с тобою, — не то соврал бы что-нибудь.\r\n— Как вы всегда строго о нем отзываетесь! Сергей Петрович — почтенный человек.\r\n— Почтенный! — повторила с укоризной старушка.\r\n— И как он покойному мужу был предан! — проговорила Марья Дмитриевна, — до сих пор вспомнить о нем равнодушно не может.\r\n— Еще бы! тот его за уши из грязи вытащил, — проворчала Марфа Тимофеевна, и спицы еще быстрее заходили в ее руках.\r\n— Глядит таким смиренником, — начала она снова, — голова вся седая, а что рот раскроет, то солжет или насплетничает. А еще статский советник! Ну, и то сказать: попович!\r\n— Кто же без греха, тетушка? Эта слабость в нем есть, конечно. Сергей Петрович воспитания, конечно, не получил, по-французски не говорит; но он, воля ваша, приятный человек.\r\n— Да, он ручки у тебя всё лижет. По-французски не говорит, — эка беда! Я сама не сильна во французском «диалехте». Лучше бы он ни по-каковски не говорил: не лгал бы. Да вот он, кстати, легок на помине, — прибавила Марфа Тимофеевна, глянув на улицу. — Вон он шагает, твой приятный человек. Экой длинный, словно аист!\r\nМарья Дмитриевна поправила свои локоны. Марфа Тимофеевна с усмешкой посмотрела на нее.\r\n— Что это у тебя, никак седой волос, мать моя? Ты побрани свою Палашку. Чего она смотрит?\r\n— Уж вы, тетушка, всегда... — пробормотала с досадой Марья Дмитриевна и застучала пальцами по ручке кресел.\r\n— Сергей Петрович Гедеоновский! — пропищал краснощекий казачок, выскочив из-за двери.	ff084d26-4290-4952-b99f-82d2bf794924
Руслан и Людмила	Пушкин А.С.	f88ae20b-590a-455e-91e9-dd2bef15803d	\N	Киевский князь Владимир выдаёт свою красавицу дочь за могучего витяза Руслана. Но невеста таинственным образом исчезает в брачную ночь. Тогда князь объявляет что отдаст её тому кто её спасёт. На поиски похищенной княжны отправляются Руслан и три других витязя — все тайные поклонники княжны.	https://img2.labirint.ru/books43/424188/big.jpg	У лукоморья дуб зеленый;\r\nЗлатая цепь на дубе том:\r\nИ днем и ночью кот ученый\r\nВсё ходит по цепи кругом;\r\nИдет направо — песнь заводит,\r\nНалево — сказку говорит.\r\n\r\nТам чудеса: там леший бродит,\r\nРусалка на ветвях сидит;\r\nТам на неведомых дорожках\r\nСледы невиданных зверей;\r\nИзбушка там на курьих ножках\r\nСтоит без окон, без дверей;\r\nТам лес и дол видений полны;\r\nТам о заре прихлынут волны\r\nНа брег песчаный и пустой,\r\nИ тридцать витязей прекрасных\r\nЧредой из вод выходят ясных,\r\nИ с ними дядька их морской;\r\nТам королевич мимоходом\r\nПленяет грозного царя;\r\nТам в облаках перед народом\r\nЧерез леса, через моря\r\nКолдун несет богатыря;\r\nВ темнице там царевна тужит,\r\nА бурый волк ей верно служит;\r\nТам ступа с Бабою Ягой\r\nИдет, бредет сама собой;	c5bf238b-76d1-4db4-a6f6-1f5b6f3f021a
Отцы и дети	Тургенев И.С.	46f4b096-7d7b-47fd-b5c6-9f7d862e230a	9783442086955, 9781975837471	Особенностью общественной жизни 60-х годов XIX века являлась идеологическая борьба двух поколений. Евгений Базаров — радикальный разночинец, характер которого формировался в обстановке великих реформ, разрушающих уклад дворянско-крестьянской России. Он не признает сословий, презирает дворянскую культуру, ратует за упорный труд и ненавидит обломовщину. Его антагонист — Павел Петрович Кирсанов, бывший офицер, полностью опустошенный романом с одной из светстких львиц. Между ними назревает конфликт — конфликт между молодостью, жаждущей перемен, и консерватизмом зрелого возраста... Вечная тема отцов и детей, поднятая в одном из самых сильных романов И.С. Тургенева, актуальна и в наше время.	\N	- Что, Петр, не видать еще? — спрашивал 20-го мая 1859 года, выходя без шапки на низкое крылечко постоялого двора на *** шоссе, барин лет сорока с небольшим, в запыленном пальто и клетчатых панталонах, у своего слуги, молодого и щекастого малого с беловатым пухом на подбородке и маленькими тусклыми глазенками.\r\nСлуга, в котором все: и бирюзовая сережка в ухе, и напомаженные разноцветные волосы, и учтивые телодвижения, словом, все изобличало человека новейшего, усовершенствованного поколения, посмотрел снисходительно вдоль дороги и ответствовал: «Никак нет-с, не видать».\r\n— Не видать? — повторил барин.\r\n— Не видать, — вторично ответствовал слуга.\r\nБарин вздохнул и присел на скамеечку. Познакомим с ним читателя, пока он сидит, подогнувши под себя ножки и задумчиво поглядывая кругом.\r\nЗовут его Николаем Петровичем Кирсановым. У него в пятнадцати верстах от постоялого дворика хорошее имение в двести душ, или, как он выражается с тех пор, как размежевался с крестьянами и завел «ферму», — в две тысячи десятин земли. Отец его, боевой генерал 1812 года, полуграмотный, грубый, но не злой русский человек, всю жизнь свою тянул лямку, командовал сперва бригадой, потом дивизией и постоянно жил в провинции, где в силу своего чина играл довольно значительную роль. Николай Петрович родился на юге России, подобно старшему своему брату Павлу, о котором речь впереди, и воспитывался до четырнадцатилетнего возраста дома, окруженный дешевыми гувернерами, развязными, но подобострастными адъютантами и прочими полковыми и штабными личностями. Родительница его, из фамилии Колязиных, в девицах Agathe, а в генеральшах Агафоклея Кузьминишна Кирсанова, принадлежала к числу «матушек-командирш», носила пышные чепцы и шумные шелковые платья, в церкви подходила первая ко кресту, говорила громко и много, допускала детей утром к ручке, на ночь их благословляла, — словом, жила в свое удовольствие. В качестве генеральского сына Николай Петрович — хотя не только не отличался храбростью, но даже заслужил прозвище трусишки — должен был, подобно брату Павлу, поступить в военную службу; но он переломил себе ногу в самый тот день, когда уже прибыло известие об его определении, и, пролежав два месяца в постели, на всю жизнь остался «хроменьким». Отец махнул на него рукой и пустил его по штатской. Он повез его в Петербург, как только ему минул восемнадцатый год, и поместил его в университет. Кстати, брат его о ту пору вышел офицером в гвардейский полк. Молодые люди стали жить вдвоем, на одной квартире, под отдаленным надзором двоюродного дяди с материнской стороны, Ильи Колязина, важного чиновника. Отец их вернулся к своей дивизии и к своей супруге и лишь изредка присылал сыновьям большие четвертушки серой бумаги, испещренные размашистым писарским почерком. На конце этих четвертушек красовались старательно окруженные «выкрутасами» слова: «Пиотр Кирсаноф, генерал-майор». В 1835 году Николай Петрович вышел из университета кандидатом, и в том же году генерал Кирсанов, уволенный в отставку за неудачный смотр, приехал в Петербург с женою на житье. Он нанял было дом у Таврического сада и записался в английский клуб, но внезапно умер от удара. Агафоклея Кузьминишна скоро за ним последовала: она не могла привыкнуть к глухой столичной жизни; тоска отставного существованья ее загрызла. Между тем Николай Петрович успел, еще при жизни родителей и к немалому их огорчению, влюбиться в дочку чиновника Преполовенского, бывшего хозяина его квартиры, миловидную и, как говорится, развитую девицу: она в журналах читала серьезные статьи в отделе «Наук». Он женился на ней, как только минул срок траура, и, покинув министерство уделов, куда по протекции отец его записал, блаженствовал со своею Машей сперва на даче около Лесного института, потом в городе, в маленькой и хорошенькой квартире, с чистою лестницей и холодноватою гостиной, наконец — в деревне, где он поселился окончательно и где у него в скором времени родился сын Аркадий. Супруги жили очень хорошо и тихо: они почти никогда не расставались, читали вместе, играли в четыре руки на фортепьяно, пели дуэты; она сажала цветы и наблюдала за птичьим двором, он изредка ездил на охоту и занимался хозяйством, а Аркадий рос да рос — тоже хорошо и тихо. Десять лет прошло как сон. В 47-м году жена Кирсанова скончалась. Он едва вынес этот удар, поседел в несколько недель; собрался было за границу, чтобы хотя немного рассеяться... но тут настал 48-й год. Он поневоле вернулся в деревню и после довольно продолжительного бездействия занялся хозяйственными преобразованиями. В 55-м году он повез сына в университет; прожил с ним три зимы в Петербурге, почти никуда не выходя и стараясь заводить знакомства с молодыми товарищами Аркадия. На последнюю зиму он приехать не мог, — и вот мы видим его в мае месяце 1859 года, уже совсем седого, пухленького и немного сгорбленного: он ждет сына, получившего, как некогда он сам, звание кандидата.	\N
Первая любовь	Тургенев И.С.	1f2e3cc9-9049-4b46-a54a-9f66c619c3c8	\N	«Первая любовь» — повесть Ивана Сергеевича Тургенева, рассказывающая о чувствах и связанных с ними душевными переживаниями юного героя, полудетская влюблённость которого пришла в неразрешимое столкновение с драматизмом и жертвенностью взрослой любви. Впервые опубликована в 1860 году в Российской Империи.	https://j.livelib.ru/boocover/1002723346/140x220/a77f/Turgenev_Ivan_Sergeevich__Pervaya_lyubov.jpg	Гости давно разъехались. Часы пробили половину первого. В комнате остались только хозяин, да Сергей Николаевич, да Владимир Петрович.\r\nХозяин позвонил и велел принять остатки ужина.\r\n— Итак, это дело решенное, — промолвил он, глубже усаживаясь в кресло и закурив сигару, — каждый из нас обязан рассказать историю своей первой любви. За вами очередь, Сергей Николаевич.\r\nСергей Николаевич, кругленький человек с пухленьким белокурым лицом, посмотрел сперва на хозяина, потом поднял глаза к потолку.\r\n— У меня не было первой любви, — сказал он наконец, — я прямо начал со второй.\r\n— Это каким образом?\r\n— Очень просто. Мне было восемнадцать лет, когда я в первый раз приволокнулся за одной весьма миленькой барышней; но я ухаживал за ней так, как будто дело это было мне не внове: точно так, как я ухаживал потом за другими. Собственно говоря, в первый и последний раз я влюбился лет шести в свою няню; но этому очень давно. Подробности наших отношений изгладились из моей памяти, да если б я их и помнил, кого это может интересовать?\r\n— Так как же быть? — начал хозяин. — В моей первой любви тоже не много занимательного; я ни в кого не влюблялся до знакомства с Анной Ивановной, моей теперешней женой, — и всё у нас шло как по маслу: отцы нас сосватали, мы очень скоро полюбились друг другу и вступили в брак не мешкая. Моя сказка двумя словами сказывается. Я, господа, признаюсь, поднимая вопрос о первой любви, надеялся на вас, не скажу старых, но и не молодых холостяков. Разве вы нас чем-нибудь потешите, Владимир Петрович?\r\n— Моя первая любовь принадлежит действительно к числу не совсем обыкновенных, — ответил с\r\nнебольшой запинкой Владимир Петрович, человек лет сорока, черноволосый, с проседью.\r\n— А! — промолвили хозяин и Сергей Николаевич в один голос. — Тем лучше... Рассказывайте.\r\n— Извольте... или нет: рассказывать я не стану; я не мастер рассказывать: выходит сухо и коротко или пространно и фальшиво; а если позволите, я запишу всё, что вспомню, в тетрадку — и прочту вам.\r\nПриятели сперва не согласились, но Владимир Петрович настоял на своем. Через две недели они опять сошлись, и Владимир Петрович сдержал свое обещание.\r\nВот что стояло в его тетрадке:\r\nМне было тогда шестнадцать лет. Дело происходило летом 1833 года.\r\nЯ жил в Москве у моих родителей. Они нанимали дачу около Калужской заставы, против Нескучного. Я готовился в университет, но работал очень мало и не торопясь.\r\nНикто не стеснял моей свободы. Я делал что хотел, особенно с тех пор, как я расстался с последним моим гувернером-французом, который никак не мог привыкнуть к мысли, что он упал «как бомба» (comme une bombe) в Россию, и с ожесточенным выражением на лице по целым дням валялся на постели. Отец обходился со мной равнодушно-ласково; матушка почти не обращала на меня внимания, хотя у ней, кроме меня, не было детей: другие заботы ее поглощали. Мой отец, человек еще молодой и очень красивый, женился на ней по расчету; она была старше его десятью годами. Матушка моя вела печальную жизнь: беспрестанно волновалась, ревновала, сердилась — но не в присутствии отца; она очень его боялась, а он держался строго, холодно, отдаленно... Я не видал человека более изысканно спокойного, самоуверенного и самовластного.\r\nЯ никогда не забуду первых недель, проведенных мною на даче. Погода стояла чудесная; мы переехали из города девятого мая, в самый Николин день. Я гулял — то в саду нашей дачи, то по Нескучному, то за заставой; брал с собою какую-нибудь книгу — курс Кайданова, например, — но редко ее развертывал, а больше вслух читал стихи, которых знал очень много на память;	ff084d26-4290-4952-b99f-82d2bf794924
Золотой теленок	Ильф И., Петров Е.	f46e6d0d-615e-4801-8bad-702251445879	\N	"Человечество чего-то боится. Боится, что благополучие может кончиться. Зарывает в землю пластинки, чтобы напомнить, что цивилизация была". Эти любопытные слова читатель не найдет в романе: они туда не вошли. Фразы о человечестве и цивилизации взяты из дополнительных материалов к роману "Золотой теленок", хранящихся в архиве. Удивительное наблюдение и даже отчасти предсказание. Ему вроде как и не место в сатирическом романе (а ведь могло бы войти!). Но кто сказал, что "Золотой теленок" – чисто сатирический роман? Эта книга гораздо глубже, чем кажется "с поверхности". Она именно о цивилизации. Или – пусть немного пафосно – о судьбе цивилизации. О власти денег. О власти государства. О власти идеологии. О соблазне наживы – того самого золотого тельца. О страхе перед завтрашним днем... О всем том, что действительно угрожает цивилизации. Да, "человечество чего-то боится". Оно боится будущего. Как боятся его – каждый по-своему – чуть ли не все герои романа…	https://j.livelib.ru/boocover/1002752410/140x220/a36d/Ilya_Ilf_Evgenij_Petrov__Zolotoj_telenok.jpg	Как известно, в январе 1928 года иллюстрированный ежемесячник "30 дней" начал публикацию "Двенадцати стульев" - сатирического романа, который -написали два далеко не избалованных известностью сотрудника газеты "Гудок". Ровно три года спустя в журнале "30 дней" началась публикация продолжения "Двенадцати стульев" - "Золотого теленка". Но к тому времени авторы - в числе самых популярных писателей СССР. Популярность Ильфа и Петрова стремительно росла, романы то и дело переиздавались, их переводили на десятки иностранных языков, выпускали за границей, что, конечно, согласовывалось в советских цензурных инстанциях. А в 1938--1939 годах издательство "Советский писатель" выпустило четырехтомное собрание сочинений Ильфа и Петрова. Мало кто из тогдашних советских классиков удостоился такой чести. Наконец во второй половине 1950-х годов дилогия была официально признана "классикой советской сатиры". Постоянно публиковались статьи и монографии о творчестве Ильфа и Петрова, воспоминания о них. Это - с одной стороны. А с другой - уже в конце 1950-х годов романы Ильфа и Петрова стали своего рода "цитатником" инакомыслящих, что видели в дилогии почти откровенную издевку над пропагандистскими установками, газетными лозунгами, суждениями "основоположников марксизма-ленинизма". Парадоксальным образом "классика советской литературы" воспринималась как литература антисоветская.\r\nНельзя сказать, чтобы это было тайной для советских цензоров. Сходные оценки авторитетные идеологи давали романам гораздо раньше. Последний раз - в 1948 году, когда издательство "Советский писатель" выпустило их семидесятипятитысячным тиражом в серии "Избранные произведения советской литературы: 1917--1947". Специальным постановлением Секретариата Союза советских писателей от 15 ноября 1948 года публикация была признана "грубой политической ошибкой", а выпущенная книга - "клеветой на советское общество". 17 ноября "Генеральный секретарь Союза советских писателей А.А. Фадеев" направил в "Секретариат ЦК ВКП(б), товарищу И.В. Сталину, товарищу Г.М. Маленкову" это постановление, где описывались причины выхода "вредной книги" и меры, принятые Секретариатом ССП.\r\nПисательское руководство проявило бдительность не по собственной воле - вынудили. Сотрудники Отдела агитации и пропаганды ЦК ВКП(б), как отмечалось в том же постановлении, "указали на ошибочность издания". Иначе говоря, - официально известили Секретариат ССП, что находящееся в его непосредственном подчинении издательство "Советский писатель" допустило непростительный промах, в связи с чем теперь нужно искать виновных, давать объяснения и т.п.\r\nХарактеристика, что дал романам Секретариат ССП, была по сути приговором: "идеологической диверсией" такого масштаба далее надлежало бы заниматься следователям Министерства государственной безопасности, после чего виновные перешли бы в ведение ГУЛАГа. Однако в силу понятных обстоятельств вопрос об ответственности авторов дилогии не ставился: туберкулез легких свел Ильфа в могилу еще весной 1937 года, а Петров, будучи военным корреспондентом, погиб летом 1942-го. Секретариат ССП мог обвинять только сам себя, потому как именно он принял решение опубликовать романы в престижной серии, после чего книга и прошла все издательские инстанции. Признать это и взять на себя всю вину - шаг самоубийственный.\r\nТем не менее выход нашелся. В качестве причин публикации были названы "недопустимая беспечность и безответственность" Секретариата ССП. Выразились они в том, что "ни в процессе прохождения книги, ни после ее выхода в свет никто из членов Секретариата и из ответственных редакторов издательства "Советский писатель" не прочел ее", полностью доверяя непосредственному "редактору книги". Потому Секретариат ССП и объявил выговор главному виновнику - "редактору книги", а также его начальнику - "редактору отдела советской литературы издательства А.К. Тарасенкову, допустившему выход в свет книги Ильфа и Петрова без ее предварительного прочтения". Кроме того - поручил особо надежному критику "написать в "Литературной газете" статью, вскрывающую клеветнический характер книги Ильфа и Петрова".\r\nРазумеется, в Отделе агитации и пропаганды (Агитпропе, как его тогда называли) с этим постановлением тоже ознакомились, хотя и не так быстро, как в Секретариате ЦК ВКП(б). Почти месяц спустя - 14 декабря 1948 года - Агитпроп в свою очередь направил секретарю ЦК ВКП(б) Г.М. Маленкову докладную записку, где, не подвергая сомнению версию секретариата ССП, настаивал, что "меры, принятые Союзом писателей", недостаточны. В книге, утверждали агитпроповские специалисты, "приводятся ругательства врагов советского строя по адресу великих учителей рабочего класса", она изобилует "пошлыми, антисоветского характера остротами", мало того, "общественная жизнь страны в романах описывается в нарочито комическом тоне, окарикатуривается" и т.д., при этом Секретариат ССП оставил без внимания вопрос об ответственности и директора издательства, и своей собственной.\r\nВсе перипетии "разоблачения" Ильфа и Петрова в ту пору огласки не получили: цитируемые выше документы осели в архиве под грифом "секретно" [См.: "Пошлые романы Ильфа и Петрова не издавать"//Источник. 1997. No 5. С. 89--94.]. Писательское руководство ответственности избежало, директора же издательства действительно заменили, как того и требовал Агитпроп. Обещание поместить в "Литературной газете" статью, "вскрывающую клеветнический характер" дилогии, секретариат ССП не выполнил. Но 9 февраля 1949 года там была опубликована редакционная статья "Серьезные ошибки издательства "Советский писатель"". О "клевете и пасквилях" Ильфа и Петрова речь уже не шла, выпуск дилогии признавался одной из многих ошибок, далеко не самой главной, даже извинительной. "За годы сталинских пятилеток, - сообщала редакция, - серьезно возмужали многие наши писатели, в том числе Ильф и Петров. Никогда бы не позволили они издать сегодня без коренной переработки два своих ранних произведения". Примерно в том же духе рассуждали авторы других статей в тогдашней периодике, чем все и кончилось.\r\nИстория эта выглядит вполне заурядной. По крайней мере - на первый взгляд. Обвинения в крамоле предъявлялись тогда многим литераторам, ученым (в том числе и умершим), а также сотрудникам издательств и редакций периодических изданий. Страна пребывала в непрерывной истерии, подхлестываемой широкомасштабными пропагандистскими кампаниями. Разоблачали генетиков, кибернетиков, "безродных космополитов", вели борьбу с "низкопоклонством перед Западом". Но, с другой точки зрения, есть в истории с поздним разоблачением романов и нечто небывалое: абсурдность оправданий секретариата ССП, настойчивость Агитпропа и неожиданно бескровный результат. Последнее особенно редко: вряд ли даже более полувека спустя нужно объяснять, почему в 1948 году отделаться всего лишь выговором (или даже снятием с должности) за "идеологическую диверсию" - как в лотерею автомобиль выиграть.\r\nВот эти особенности и позволяют с большой долей вероятности предположить, что критическая атака в конце 1940-х годов обусловлена не столько спецификой романов Ильфа и Петрова, сколько сварой двух группировок в тогдашнем идеологическом руководстве - Секретариата ССП и Агитпропа.\r\nНа фоне глобальных "разоблачительских" кампаний Агит-проп затеял свою локальную интригу: смещение с должности недостаточно услужливого директора издательства "Совет-ский писатель". Поводом, надо полагать, и стала престижная серия, куда вошла книга Ильфа и Петрова.\r\nСерия была, можно сказать, парадной, туда, согласно замыслу, отбиралось только самое лучшее, доказывающее, что советская литература "достигла мирового уровня". Сам факт издания в такой серии означал для любого писателя официальное признание заслуг, статус классика советской литературы, не говоря уже о значительных гонорарах. Понятно, что интриги плелись на всех уровнях. Свои креатуры были и у Агит-пропа, и у секретариата ССП, кто-то мотивировал выбор той или иной книги соображениями престижа и качества серии в целом, кто-то - "идейной выдержанностью" и политической целесообразностью. В общем, интересы сторон не всегда совпадали. По сути же никаких идеологических и политических расхождений не было и быть не могло: это был спор чиновников о сферах влияния и границах очень относительной самостоятельности. А директор издательства подчинялся непосредственно секретариату ССП, Агитпроп руководить издательством не мог. Устранить директора сразу - власти не хватало: по тогдашним правилам кандидатуру директора такого издательства выдвигал секретариат ССП и утверждал ЦК ВКП(б). Замену следовало начинать с "перетряски" излишне самостоятельного секретариата ССП и давления на Фадеева, который не раз бывал на приеме у Сталина. Дилогия Ильфа и Петрова тут - не более, чем одна из карт в игре. Но ход был рассчитан точно: от обвинения в "идеологической диверсии" не отмахнешься.\r\nПостановление, принятое Секретариатом ССП, кажется путаным и вообще нелепым, словно готовили его впопыхах, лишь бы поскорее отвести агитпроповские обвинения, доложить, что инцидент исчерпан, писательское руководство разобралось во всем, виновных наказало и вскоре само себя публично высечет в периодике.	ff084d26-4290-4952-b99f-82d2bf794924
Обыкновенная история	Гончаров И.А.	e6f78bbb-b7ad-4c30-ad47-e8cb8c6782a6	\N	"Обыкновенная история" — первый роман русского писателя Ивана Александровича Гончарова, вызвавший большой интерес у современников, в том числе благодаря всегда актуальному сюжету — истории превращения провинциального юноши-романтика в прагматичного, состоятельного и равнодушного столичного жителя.	https://i.livelib.ru/boocover/1002736285/140x220/eb94/Ivan_Goncharov__Obyknovennaya_istoriya.jpg	Однажды летом, в деревне Грачах, у небогатой помещицы Анны Павловны Адуевой, все в доме поднялись с рассветом, начиная с хозяйки до цепной собаки Барбоса.\r\nТолько единственный сын Анны Павловны, Александр Федорыч, спал, как следует спать двадцатилетнему юноше, богатырским сном; а в доме все суетились и хлопотали. Люди ходили, однакож, на цыпочках и говорили шопотом, чтоб не разбудить молодого барина. Чуть кто-нибудь стукнет, громко заговорит, сейчас, как раздраженная львица, являлась Анна Павловна и наказывала неосторожного строгим выговором, обидным прозвищем, а иногда, по мере гнева и сил своих, и толчком.\r\nНа кухне стряпали в трое рук, как будто на десятерых, хотя все господское семейство только и состояло, что из Анны Павловны да Александра Федорыча. В сарае вытирали и подмазывали повозку. Все были заняты и работали до поту лица. Барбос только ничего не делал, но и тот по-своему принимал участие в общем движении. Когда мимо его проходил лакей, кучер или шмыгала девка, он махал хвостом и тщательно обнюхивал проходящего, а сам глазами, кажется, спрашивал: "Скажут ли мне, наконец, что у нас сегодня за суматоха?"\r\nА суматоха была оттого, что Анна Павловна отпускала сына в Петербург на службу, или, как она говорила, людей посмотреть и себя показать. Убийственный для нее День! От этого она такая грустная и расстроенная. Часто, в хлопотах, она откроет рот, чтоб приказать что-нибудь, и вдруг остановится на полуслове, голос ей изменит, она отвернется в сторону и оботрет, если успеет, слезу, а не успеет, так уронит ее в чемодан, в который сама укладывала Сашенькино белье. Слезы давно кипят у ней в сердце; они подступили к горлу, давят грудь и готовы брызнуть в три ручья; но она как будто берегла их на прощанье и изредка тратила по капельке.\r\nНе одна она оплакивала разлуку: сильно горевал тоже камердинер Сашеньки, Евсей. Он отправлялся с барином в Петербург, покидал самый теплый угол в дому, за лежанкой, в комнате Аграфены, первого министра в хозяйстве Анны Павловны и -- что всего важнее для Евсея -- первой ее ключницы.\r\nЗа лежанкой только и было места, чтоб поставить два стула и стол, на котором готовился чай, кофе, закуска. Евсей прочно занимал место и за печкой и в сердце Аграфены. На другом стуле заседала она сама.\r\nИстория об Аграфене и Евсее была уж старая история в доме. О ней, как обо всем на свете, поговорили, позлословили их обоих, а потом, так же как и обо всем, замолчали. Сама барыня привыкла видеть их вместе, и они блаженствовали целые десять лет. Многие ли в итоге годов своей жизни начтут десять счастливых? Зато вот настал и миг утраты! Прощай, теплый угол, прощай, Аграфена Ивановна, прощай, игра в дураки, и кофе, и водка, и наливка -- все прощай!\r\nЕвсей сидел молча и сильно вздыхал. Аграфена, насупясь, суетилась по хозяйству. У ней горе выражалось по-своему. Она в тот день с ожесточением разлила чай и вместо того, чтоб первую чашку крепкого чаю подать, по обыкновению, барыне, выплеснула его вон: "никому, дескать, не доставайся", и твердо перенесла выговор. Кофе у ней перекипел, сливки подгорели, чашки валились из рук. Она не поставит подноса на стол, а брякнет; не отворит шкафа и двери, а хлопнет. Но она не плакала, а сердилась на все и на всех. Впрочем, это вообще было главною чертою в ее характере. Она никогда не была довольна; все не по ней; всегда ворчала, жаловалась. Но в эту роковую для нее минуту характер ее обнаруживался во всем своем пафосе. Пуще всего, кажется, она сердилась на Евсея.\r\n-- Аграфена Ивановна!.. -- сказал он жалобно и нежно, что не совсем шло к его длинной и плотной фигуре.\r\n-- Ну, что ты, разиня, тут расселся? -- отвечала она, как будто он в первый раз тут сидел. -- Пусти прочь: надо полотенце достать.\r\n-- Эх, Аграфена Ивановна!.. -- повторил он лениво, вздыхая и поднимаясь со стула и тотчас опять опускаясь, когда она взяла полотенце.\r\n-- Только хнычет! Вот пострел навязался! Что это за наказание, господи! и не отвяжется!\r\nИ она со звоном уронила ложку в полоскательную чашку.\r\n-- Аграфена! -- раздалось вдруг из другой комнаты, -- ты никак с ума сошла! разве не знаешь, что Сашенька почивает? Подралась, что ли, с своим возлюбленным на прощанье?\r\n-- Не пошевелись для тебя, сиди, как мертвая! -- прошипела по-змеиному Аграфена, вытирая чашку обеими руками, как будто хотела изломать ее в куски.\r\n-- Прощайте, прощайте! -- с громаднейшим вздохом сказал Евсей, -- последний денек, Аграфена Ивановна!\r\n-- И слава богу! пусть унесут вас черти отсюда: просторнее будет. Да пусти прочь, негде ступить: протянул ноги-то!\r\nОн тронул было ее за плечо -- как она ему ответила! Он опять вздохнул, но с места не двигался; да напрасно и двинулся бы: Аграфене этого не хотелось. Евсей знал это и не смущался.\r\n-- Кто-то сядет на мое место? -- промолвил он, все со вздохом.\r\n-- Леший! -отрывисто отвечала она.\r\n-- Дай-то бог! лишь бы не Прошка. А кто-то в дураки с вами станет играть?\r\n-- Ну хоть бы и Прошка, так что ж за беда? -- со злостью заметила она. Евсей встал.\r\n-- Вы не играйте с Прошкой, ей-богу, не играйте! -- сказал он с беспокойством и почти с угрозой.\r\n-- А кто мне запретит? ты, что ли, образина этакая?\r\n-- Матушка, Аграфена Ивановна! -- начал он умоляющим голосом, обняв ее -- за талию, сказал бы я, если б у ней был хоть малейший намек на талию.\r\nОна отвечала на объятие локтем в грудь.\r\n-- Матушка, Аграфена Ивановна! -- повторил он, -- будет ли Прошка любить вас так, как я? Поглядите, какой он озорник: ни одной женщине проходу не даст. А я-то! э-эх! Вы у меня, что синь-порох в глазу! Если б не барская воля, так... эх!..\r\nОн при этом крякнул и махнул рукой. Аграфена не выдержала: и у ней, наконец, горе обнаружилось в слезах.\r\n-- Да отстанешь ли ты от меня, окаянный? -- говорила она плача, -- что мелешь, дуралей! Свяжусь я с Прошкой! разве не видишь сам, что от него путного слова не добьешься? только и знает, что лезет с ручищами...\r\n-- И к вам лез? Ах, мерзавец! А вы, небось, не скажете! Я бы его...\r\n-- Полезь-ка, так узнает! Разве нет в дворне женского пола, кроме меня? С Прошкой свяжусь! вишь, что выдумал! Подле него и сидеть-то тошно -- свинья свиньей! Он, того и гляди, норовит ударить человека или сожрать что-нибудь барское из-под рук -- и не увидишь.\r\n-- Уж если, Аграфена Ивановна, случай такой придет -- лукавый ведь силен, -- так лучше Гришку посадите тут: по крайности малый смирный, работящий, не зубоскал...\r\n-- Вот еще выдумал! -- накинулась на него Аграфена, -- что ты меня всякому навязываешь, разве я какая-нибудь... Пошел вон отсюда! Много вашего брата, всякому стану вешаться на шею: не таковская! С тобой только, этаким лешим, попутал, видно, лукавый за грехи мои связаться, да и то каюсь... а то выдумал!\r\n-- Бог вас награди за вашу добродетель! как камень с плеч! -- воскликнул Евсей.\r\n-- Обрадовался! -- зверски закричала она опять, -- есть чему радоваться -- радуйся!\r\nИ губы у ней побелели от злости. Оба замолчали.\r\n-- Аграфена Ивановна! -- робко сказал Евсей немного погодя.\r\n-- Ну, что еще?\r\n-- Я ведь и забыл: у меня нынче с утра во рту маковой росинки не было.\r\n-- Только и дела!\r\n-- С горя, матушка.\r\nОна достала с нижней полки шкафа, из-за головы сахару, стакан водки и два огромные ломтя хлеба с ветчиной. Все это давно было приготовлено для него ее заботливой рукой. Она сунула ему их, как не суют и собакам. Один ломоть упал на пол.\r\n-- На вот, подавись! О, чтоб тебя... да тише, не чавкай на весь дом.\r\nОна отвернулась от него с выражением будто ненависти, а он медленно начал есть, глядя исподлобья на Аграфену и прикрывая одною рукою рот.\r\nМежду тем в воротах показался ямщик с тройкой лошадей. Через шею коренной переброшена была дуга. Колокольчик, привязанный к седелке, глухо и несвободно ворочал языком, как пьяный, связанный и брошенный в караульню. Ямщик привязал лошадей под навесом сарая, снял шапку, достал оттуда грязное полотенце и отер пот с лица. Анна Павловна, увидев его из окна, побледнела. У ней подкосились ноги и опустились руки, хотя она ожидала этого. Оправившись, она позвала Аграфену.\r\n-- Поди-ка на цыпочках, тихохонько, посмотри, спит ли Сашенька? -- сказала она. -- Он, мой голубчик, проспит, пожалуй, и последний денек: так и не нагляжусь на него. Да нет, куда тебе! ты, того гляди, влезешь как корова! я лучше сама...\r\nИ пошла.\r\n-- Поди-ка ты, не-корова! -- ворчала Аграфена, воротясь к себе. -- Вишь, корову нашла! много ли у тебя этаких коров-то?\r\nНавстречу Анне Павловне шел и сам Александр Федорыч, белокурый молодой человек, в цвете лет, здоровья и сил. Он весело поздоровался с матерью, но, увидев вдруг чемодан и узлы, смутился, молча отошел к окну и стал чертить пальцем по стеклу. Через минуту он уже опять говорил с матерью и беспечно, даже с радостью смотрел на дорожные сборы.\r\n-- Что это ты, мой дружок, как заспался, -- сказала Анна Павловна, -- даже личико отекло? Дай-ка вытру тебе глаза и щеки розовой водой.\r\n-- Нет, маменька, не надо.\r\n-- Чего ты хочешь позавтракать: чайку прежде или кофейку? Я велела сделать и битое мясо со сметаной на сковороде -- чего хочешь?\r\n-- Все равно, маменька.\r\nАнна Павловна продолжала укладывать белье, потом остановилась и посмотрела на сына с тоской.\r\n-- Саша!.. -- сказала она через несколько времени.\r\n-- Чего изволите, маменька?\r\nОна медлила говорить, как будто чего-то боялась.\r\n-- Куда ты едешь, мой друг, зачем? -- спросила она, наконец, тихим голосом.\r\n-- Как куда, маменька? в Петербург, затем... затем... чтоб...\r\n-- Послушай, Саша, -- сказала она в волнении, положив ему руку на плечо, по-видимому с намерением сделать последнюю попытку, -- еще время не ушло: подумай, останься!\r\n-- Остаться! как можно! да ведь и... белье уложено, -- сказал он, не зная, что выдумать.\r\n-- Уложено белье! да вот... вот... вот... гляди -- и не уложено.\r\nОна в три приема вынула все из чемодана.	ff084d26-4290-4952-b99f-82d2bf794924
Одноэтажная Америка	Ильф И., Петров Е.	2b92e7c5-b608-4b10-af26-42a69e843cb1	9785699380640	В сентябре 1935 года корреспонденты газеты «Правда» Ильф и Петров выехали в Соединенные Штаты Америки. В те времена президентом США был Франклин Рузвельт, много сделавший для сближения между США и СССР. Это позволило авторам беспрепятственно передвигаться по стране и близко познакомиться с жизнью разных слоёв американского общества.\nВ Америке Ильф и Петров прожили три с половиной месяца. За это время они дважды пересекли страну из конца в конец. Возвратившись в начале февраля 1936 года в Москву, Ильф и Петров сообщили в беседе с корреспондентом «Литературной газеты», что будут писать книгу об Америке.	https://cdn.ast.ru/v2/ASE000000000827613/COVER/cover1.jpg	В девять часов из Парижа выходит специальный поезд, отвозящий в Гавр пассажиров «Нормандии». Поезд идет без остановок и через три часа вкатывается в здание гаврского морского вокзала. Пассажиры выходят на закрытый перрон, подымаются на верхний этаж вокзала по эскалатору, проходят несколько зал, идут по закрытым со всех сторон сходням и оказываются в большом вестибюле. Здесь они садятся в лифты и разъезжаются по своим этажам. Это уже «Нормандия». Каков ее внешний вид – пассажирам неизвестно, потому что парохода они так и не увидели.\r\nМы вошли в лифт, и мальчик в красной куртке с золотыми пуговицами изящным движением нажал красивую кнопку. Новенький блестящий лифт немного поднялся вверх, застрял между этажами и неожиданно двинулся вниз, не обращая внимания на мальчика, который отчаянно нажимал кнопки. Спустившись на три этажа, вместо того чтобы подняться на два, мы услышали мучительно знакомую фразу, произнесенную, однако, на французском языке: «Лифт не работает».\r\nВ свою каюту мы поднялись по лестнице, сплошь покрытой несгораемым каучуковым ковром светло-зеленого цвета. Таким же материалом устланы коридоры и вестибюли парохода. Шаг делается мягким и неслышным. Это приятно. Но по-настоящему начинаешь ценить достоинства каучукового настила во время качки: подошвы как бы прилипают к нему. Это, правда, не спасает от морской болезни, но предохраняет от падения.\r\nЛестница была совсем не пароходного типа – широкая и пологая, с маршами и площадками, размеры которых вполне приемлемы для любого дома.\r\nКаюта была тоже какая-то не пароходная. Просторная комната с двумя окнами, двумя широкими деревянными кроватями, креслами, стенными шкафами, столами, зеркалами и всеми коммунальными благами, вплоть до телефона. И вообще «Нормандия» похожа на пароход только в шторм – тогда ее хоть немного качает. А в тихую погоду – это колоссальная гостиница с роскошным видом на море, которая внезапно сорвалась с набережной модного курорта и со скоростью тридцати миль в час поплыла в Америку.	ff084d26-4290-4952-b99f-82d2bf794924
12 стульев	Ильф И., Петров Е.	88ea8911-c61d-4685-a685-1788322d5dc0	\N	Бывший богач, светский лев и «предводитель дворянства» Ипполит Воробьянинов после революции стал обычным делопроизводителем ЗАГСа в маленьком городе. Он не забыл еще своих прежних привычек и часто грезит о былой жизни. Однажды размеренный ход жизни оказывается нарушен — умирающая теща поведала Воробьянинову об огромном богатстве, во время революции спрятанном ею в один из стульев гостиного гарнитура. Он тут же бросается на поиски, вместе со встреченным им «великим комбинатором», мошенником и любителем денежных знаков Остапом Бендером. Сокровище найти будет нелегко, но обуянные страстью к богатству Бендер и Воробьянинов не остановятся ни перед чем...	https://cdn.ast.ru/v2/ASE000000000716632/COVER/cover1.jpg	Первый роман Ильи Ильфа и Евгения Петрова "Двенадцать стульев" вышел в свет в 1927 году. Через четыре года был опубликован "Золотой теленок". Отошло в прошлое многое из того, что осмеяно в этих романах, канули в небытие некоторые из выведенных в них типов, но самые книги Ильфа и Петрова не устарели и не утратили своей силы и прелести. Пользуясь критической терминологией, о них можно сказать, что они прошли проверку временем, а говоря проще -- их по-прежнему читают и любят.\r\nЧтобы любить эти книги, у читателей есть достаточно оснований. Прежде всего они написаны людьми, любившими все то, что мы любим, и ненавидевшими все, что мы ненавидим, людьми, глубоко верившими в победу светлого и разумного мира социализма над уродливым и дряхлым миром капитализма. Кроме того, это книги талантливые и, наконец, очень смешные,\r\nИлья Ильф и Евгений Петров писали свой первый роман, засиживаясь по вечерам в редакции газеты "Гудок", где они работали в те годы в качестве литературных сотрудников в отделе читательских писем, рабкоровских заметок и фельетонов. Их литературный путь от построенных на безбрежном рабкоровском материале сатирических заметок в "Гудке" к "Двенадцати стульям" и "Золотому теленку" и от этих романов к сотрудничеству в "Правде" в качестве авторов десятков фельетонов, блестящих по форме и полновесных по силе наносимых ими ударов,-- путь естественный, целеустремленный. Что бы ни писали Ильф и Петров, вся сила их сатирического дарования была отдана борьбе с пережитками прошлого, борьбе с миром тупости, косности и стяжания.\r\nЧтобы написать такие романы, как "Двенадцать стульев" и "Золотой теленок", нужно было обладать большим журналистским опытом и хранить в памяти тысячи встреч, связанных с самой разносторонней и кропотливой из всех редакционных работ - с обработкой приходящих в редакцию писем. Содержание романов Ильфа и Петрова не оставляет сомнений относительно того, чем была продиктована для авторов внутренняя необходимость их создания. Рабкоровские письма и заметки, жалобы читателей, приходившие с редакционной почтой, обличали все злое, нелепое, старорежимное, мещанское, пошлое и тупое, чего еще предостаточно было в ту пору в окружающей жизни. За фактами стояли живые носители зла с именами и фамилиями -- и откровенно ненавидящие советский строй "бывшие люди", и пытающиеся пролезть в новый мир буржуазные прохвосты, и всякого рода чинодралы, бюрократы и перерожденцы. Прямые и частые столкновения со всей этой нечистью, вероятно, и побудили Ильфа и Петрова попробовать свои силы в большой литературе и выразить свои чувства и мысли не в коротких газетных заметках, а основательно, со вкусом и, главное, с размахом. Эта потребность, думается, появилась у авторов прежде, чем им пришел на ум сюжет их первого романа, сюжет, о правомерности которого немало спорили в критике.\r\nСюжет "Двенадцати стульев", конечно, не бесспорен хотя бы уж потому, что он традиционен и весьма условен. Но авторы ни. сколько и не стремились эту условность скрыть. История двух жуликов, которые рыщут по стране в погоне за брильянтами, зашитыми старорежимной дамой в обивку стула, была удобна прежде всего потому, что она позволяла авторам непринужденно и естественно переходить от одной встречи к другой и от другой к третьей, почти в каждой из них острым сатирическим пером расправляясь с проявлениями старого быта. Если бы роман писался просто для того, чтобы поведать читателю историю погони за брильянтами, а находка их двумя проходимцами представляла бы собой счастливый конец, такая книга вряд ли пережила бы в памяти читателей год своего появления в свет. Но сюжет в "Двенадцати стульях", при всем его остроумии и тщательной разработанности, всего лишь нить, скрепляющая сатирические эпизоды, составляющие подлинную суть книги. Если же говорить о счастливом конце, то как нам ни интересно узнать, чем завершатся поиски Бендера и Воробьянинова, однако финал, при котором брильянты мадам Петуховой попали бы в их руки, воспринимался бы нами не как счастливый, а скорее как несчастный. И наоборот, когда потерявший человеческое подобие, перерезавший горла своему компаньону, бывший предводитель дворянства Воробьянинов приходит к новому рабочему клубу и узнает, что клуб построен на найденные стариком сторожем брильянты, этот безусловно несчастный для обоих героев романа конец ощущается читателями как счастливый, как закономерный и даже как символический.\r\nДействие "Двенадцати стульев" развертывается в том же 1927 году, в котором был написан роман. В богатой коллекции отрицательных типов, выведенных в нем, можно найти персонажей с особенно отчетливой печатью того времени. Но рядом с ними есть и такие, которые дожили до наших дней, весьма мало изменившись и самым фактом своего существования подтверждая, что пережитки капитализма не так-то легко победить.\r\nК первой категории принадлежат деятели "Меча и орала" - начиная со злобствующего пустозвона и бездельника Полесова и кончая председателем "Одесской бубличной артели" нэпманом Кислярским, готовым пожертвовать немалую сумму на дело реставрации капитализма и тут же, при первой опасности разоблачения, донести на всех своих соратников по организованному Бендором "Союзу меча и орала". К галерее этих типов примыкает н бывший чиновник канцелярии градоначальства Коробейников, сохраняющий у себя на дому копии ордеров на реквизированную в начале революции мебель в ожидании дня, когда господа вернутся и за соответствующую мзду получат у нега сведения о том, где обретается их обстановка. К этим же типам принадлежит, разумеется, и сам Воробьянинов, живущий надеждой прокутить тещины брильянты в незабвенных для него с дореволюционного времени заграничных кабаках и домах терпимости.\r\nКонечно, современный читатель, в особенности молодой, даже порывшись в памяти, не найдет в ней ни архивариуса, надеющегося при реставрации выгодно сбыть ордера на реквизированную мебель, ни нэпмана, жертвующего на эту реставрацию триста рублей. Эти типы, связанные в нашем представлении больше всего с первым десятилетием после революции, однако, написаны в романе с такой злостью, с такой насмешкой над старым миром, что и сейчас невольно протягиваешь нити от этих людишек из романа "Двенадцать стульев" к каким-нибудь выжившим из ума керенским, все еще свершающим турне по европам и америкам и разглагольствующим о том, как все было бы хорошо, если бы после февральской революции не последовало Октябрьской. Вспоминаются и зловещие фаюнины и кокорышкины, с такой силой изображенные в леоновском "Нашествии",-- жалкие и злобные последыши, которые в период фашистской оккупации зашевелились кое-где по нашим градам и весям в обликах полицаев и бургомистров. Выведенные в "Двенадцати стульях", все эти типы тогда, в 1927 году, имевшие своих многочисленных и реальных прототипов в жизни, смешны в своем бессилии и отвратительны в своих упованиях. Благодаря меткости нанесенного авторами удара и сейчас, став тенями прошлого, эти фигуры не потеряли своего интереса для читателей	ff084d26-4290-4952-b99f-82d2bf794924
Капитанская дочка	Пушкин А.С.	88fadf15-7e44-4aac-9e6c-89b9d08d5c27	\N	Среди великих творений А.С. Пушкина "Капитанская дочка" занимает особое место: "чистота и безыскусственность взошли в ней на такую высокую степень, что сама действительность кажется перед нею искусственною и карикатурною" (Н.В. Гоголь). В историческом романе самым удивительным образом переплелись факты, фольклор, рассказы очевидца пугачевского бунта и художественный вымысел. Повествуя о драматических событиях 70-х годов XVIII века, автор вместе с тем решает ряд важных проблем: о бескорыстной любви и верности, чести и достоинстве человека, милости и правосудии. Книга оформлена прекрасными иллюстрациями живописца и графика Павла Петровича Соколова, а также фрагментами картин русских художников.	https://j.livelib.ru/boocover/1002722684/140x220/0a0a/Aleksandr_Pushkin__Kapitanskaya_dochka.jpg	Отец мой Андрей Петрович Гринев в молодости своей служил при графе Минихе и вышел в отставку премьер-майором в 17.. году. С тех пор жил он в своей Симбирской деревне, где и женился на девице Авдотье Васильевне Ю., дочери бедного тамошнего дворянина. Нас было девять человек детей. Все мои братья и сестры умерли во младенчестве.\r\nМатушка была еще мною брюхата, как уже я был записан в Семеновский полк сержантом, по милости майора гвардии князя В., близкого нашего родственника. Если бы паче всякого чаяния матушка родила дочь, то батюшка объявил бы куда следовало о смерти неявившегося сержанта, и дело тем бы и кончилось. Я считался в отпуску до окончания наук. В то время воспитывались мы не по-нонешнему. С пятилетнего возраста отдан я был на руки стремянному Савельичу, за трезвое поведение пожалованному мне в дядьки. Под его надзором на двенадцатом году выучился я русской грамоте и мог очень здраво судить о свойствах борзого кобеля. В это время батюшка нанял для меня француза, мосье Бопре, которого выписали из Москвы вместе с годовым запасом вина и прованского масла. Приезд его сильно не понравился Савельичу. «Слава богу, — ворчал он про себя, — кажется, дитя умыт, причесан, накормлен. Куда как нужно тратить лишние деньги и нанимать мусье, как будто и своих людей не стало!»\r\nБопре в отечестве своем был парикмахером, потом в Пруссии солдатом, потом приехал в Россию pour etre outchitel 1, не очень понимая значение этого слова. Он был добрый малый, но ветрен и беспутен до крайности. Главною его слабостию была страсть к прекрасному полу; нередко за свои нежности получал он толчки, от которых охал по целым суткам. К тому же не был он (по его выражению) и врагом бутылки, т. е. (говоря по-русски) любил хлебнуть лишнее. Но как вино подавалось у нас только за обедом, и то по рюмочке, причем учителя обыкновенно и обносили, то мой Бопре очень скоро привык к русской настойке и даже стал предпочитать ее винам своего отечества, как не в пример более полезную для желудка. Мы тотчас поладили, и хотя по контракту обязан он был учить меня по-французски, по-немецки и всем наукам, но он предпочел наскоро выучиться от меня кое-как болтать по-русски, — и потом каждый из нас занимался уже своим делом. Мы жили душа в душу. Другого ментора я и не желал. Но вскоре судьба нас разлучила, и вот по какому случаю:\r\nПрачка Палашка, толстая и рябая девка, и кривая коровница Акулька как-то согласились в одно время кинуться матушке в ноги, винясь в преступной слабости и с плачем жалуясь на мусье, обольстившего их неопытность. Матушка шутить этим не любила и пожаловалась батюшке. У него расправа была коротка. Он тотчас потребовал каналью француза. Доложили, что мусье давал мне свой урок. Батюшка пошел в мою комнату. В это время Бопре спал на кровати сном невинности. Я был занят делом. Надобно знать, что для меня выписана была из Москвы географическая карта. Она висела на стене безо всякого употребления и давно соблазняла меня шириною и добротою бумаги. Я решился сделать из нее змей и, пользуясь сном Бопре, принялся за работу. Батюшка вошел в то самое время, как я прилаживал мочальный хвост к Мысу Доброй Надежды. Увидя мои упражнения в географии, батюшка дернул меня за ухо, потом подбежал к Бопре, разбудил его очень неосторожно и стал осыпать укоризнами. Бопре в смятении хотел было привстать и не мог: несчастный француз был мертво пьян. Семь бед, один ответ. Батюшка за ворот приподнял его с кровати, вытолкал из дверей и в тот же день прогнал со двора, к неописанной радости Савельича. Тем и кончилось мое воспитание.\r\nЯ жил недорослем, гоняя голубей и играя в чехарду с дворовыми мальчишками. Между тем минуло мне шестнадцать лет. Тут судьба моя переменилась.\r\nОднажды осенью матушка варила в гостиной медовое варенье, а я, облизываясь, смотрел на кипучие пенки. Батюшка у окна читал Придворный календарь, ежегодно им получаемый. Эта книга имела всегда сильное на него влияние: никогда не перечитывал он ее без особенного участия, и чтение это производило в нем всегда удивительное волнение желчи. Матушка, знавшая наизусть все его свычаи и обычаи, всегда старалась засунуть несчастную книгу как можно подалее, и таким образом Придворный календарь не попадался ему на глаза иногда по целым месяцам. Зато, когда он случайно его находил, то, бывало, по целым часам не выпускал уж из своих рук. Итак, батюшка читал Придворный календарь, изредка пожимая плечами и повторяя вполголоса: «Генерал-поручик!.. Он у меня в роте был сержантом!.. Обоих российских орденов кавалер!.. А давно ли мы...» Наконец батюшка швырнул календарь на диван и погрузился в задумчивость, не предвещавшую ничего доброго.\r\nВдруг он обратился к матушке: «Авдотья Васильевна, а сколько лет Петруше?»\r\n— Да вот пошел семнадцатый годок, — отвечала матушка. — Петруша родился в тот самый год, как окривела тетушка Настасья Гарасимовна, и когда еще...\r\n«Добро, — прервал батюшка, — пора его в службу. Полно ему бегать по девичьим да лазить на голубятни».\r\nМысль о скорой разлуке со мною так поразила матушку, что она уронила ложку в кастрюльку, и слезы потекли по ее лицу. Напротив того, трудно описать мое восхищение. Мысль о службе сливалась во мне с мыслями о свободе, об удовольствиях петербургской жизни. Я воображал себя офицером гвардии, что, по мнению моему, было верхом благополучия человеческого.\r\nБатюшка не любил ни переменять свои намерения, ни откладывать их исполнение. День отъезду моему был назначен. Накануне батюшка объявил, что намерен писать со мною к будущему моему начальнику, и потребовал пера и бумаги.\r\n— Не забудь, Андрей Петрович, — сказала матушка, — поклониться и от меня князю Б.; я, дескать, надеюсь, что он не оставит Петрушу своими милостями.\r\n— Что за вздор! — отвечал батюшка нахмурясь. — К какой стати стану я писать к князю Б.?\r\n— Да ведь ты сказал, что изволишь писать к начальнику Петруши?\r\n— Ну, а там что?\r\n— Да ведь начальник Петрушин — князь Б. Ведь Петруша записан в Семеновский полк.\r\n— Записан! А мне какое дело, что он записан? Петруша в Петербург не поедет. Чему научится он, служа в Петербурге? мотать да повесничать? Нет, пускай послужит он в армии, да потянет лямку, да понюхает пороху, да будет солдат, а не шаматон. Записан в гвардии! Где его пашпорт? подай его сюда.\r\nМатушка отыскала мой паспорт, хранившийся в ее шкатулке вместе с сорочкою, в которой меня крестили, и вручила его батюшке дрожащею рукою. Батюшка прочел его со вниманием, положил перед собою на стол и начал свое письмо.\r\nЛюбопытство меня мучило: куда ж отправляют меня, если уж не в Петербург? Я не сводил глаз с пера батюшкина, которое двигалось довольно медленно. Наконец он кончил, запечатал письмо в одном пакете с паспортом, снял очки и, подозвав меня, сказал: «Вот тебе письмо к Андрею Карловичу Р., моему старинному товарищу и другу. Ты едешь в Оренбург служить под его начальством».\r\nИтак, все мои блестящие надежды рушились! Вместо веселой петербургской жизни ожидала меня скука в стороне глухой и отдаленной. Служба, о которой за минуту думал я с таким восторгом, показалась мне тяжким несчастием. Но спорить было нечего. На другой день поутру подвезена была к крыльцу дорожная кибитка; уложили в нее чемодан, погребец с чайным прибором и узлы с булками и пирогами, последними знаками домашнего баловства. Родители мои благословили меня. Батюшка сказал мне: «Прощай, Петр. Служи верно, кому присягнешь; слушайся начальников; за их лаской не гоняйся; на службу не напрашивайся; от службы не отговаривайся; и помни пословицу: береги платье снову, а честь смолоду». Матушка в слезах наказывала мне беречь мое здоровье, а Савельичу смотреть за дитятей. Надели на меня заячий тулуп, а сверху лисью шубу. Я сел в кибитку с Савельичем и отправился в дорогу, обливаясь слезами.\r\nВ ту же ночь приехал я в Симбирск, где должен был пробыть сутки для закупки нужных вещей, что и было поручено Савельичу. Я остановился в трактире. Савельич с утра отправился по лавкам. Соскуча глядеть из окна на грязный переулок, я пошел бродить по всем комнатам. Вошед в биллиардную, увидел я высокого барина лет тридцати пяти, с длинными черными усами, в халате, с кием в руке и с трубкой в зубах. Он играл с маркером, который при выигрыше выпивал рюмку водки, а при проигрыше должен был лезть под биллиард на четверинках. Я стал смотреть на их игру. Чем долее она продолжалась, тем прогулки на четверинках становились чаще, пока наконец маркер остался под биллиардом. Барин произнес над ним несколько сильных выражений в виде надгробного слова и предложил мне сыграть партию. Я отказался по неумению. Это показалось ему, по-видимому, странным. Он поглядел на меня как бы с сожалением; однако мы разговорились. Я узнал, что его зовут Иваном Ивановичем Зуриным, что он ротмистр гусарского полку и находится в Симбирске при приеме рекрут, а стоит в трактире. Зурин пригласил меня отобедать с ним вместе чем бог послал, по-солдатски. Я с охотою согласился. Мы сели за стол. Зурин пил много и потчевал и меня, говоря, что надобно привыкать ко службе; он рассказывал мне армейские анекдоты, от которых я со смеху чуть не валялся, и мы встали из-за стола совершенными приятелями. Тут вызвался он выучить меня играть на биллиарде. «Это, — говорил он, — необходимо для нашего брата служивого. В походе, например, придешь в местечко — чем прикажешь заняться? Ведь не все же бить жидов. Поневоле пойдешь в трактир и станешь играть на биллиарде; а для того надобно уметь играть!» Я совершенно был убежден и с большим прилежанием принялся за учение. Зурин громко ободрял меня, дивился моим быстрым успехам и, после нескольких уроков, предложил мне играть в деньги, по одному грошу, не для выигрыша, а так, чтоб только не играть даром, что, по его словам, самая скверная привычка. Я согласился и на то, а Зурин велел подать пуншу и уговорил меня попробовать, повторяя, что к службе надобно мне привыкать; а без пуншу что и служба! Я послушался его. Между тем игра наша продолжалась. Чем чаще прихлебывал я от моего стакана, тем становился отважнее. Шары поминутно летали у меня через борт; я горячился, бранил маркера, который считал бог ведает как, час от часу умножал игру, словом — вел себя как мальчишка, вырвавшийся на волю. Между тем время прошло незаметно. Зурин взглянул на часы, положил кий и объявил мне, что я проиграл сто рублей. Это меня немножко смутило. Деньги мои были у Савельича. Я стал извиняться. Зурин меня прервал: «Помилуй! Не изволь и беспокоиться. Я могу и подождать, а покамест поедем к Аринушке».\r\nЧто прикажете? День я кончил так же беспутно, как и начал. Мы отужинали у Аринушки. Зурин поминутно мне подливал, повторяя, что надобно к службе привыкать. Встав из-за стола, я чуть держался на ногах; в полночь Зурин отвез меня в трактир.\r\nСавельич встретил нас на крыльце. Он ахнул, увидя несомненные признаки моего усердия к службе. «Что это, сударь, с тобою сделалось? — сказал он жалким голосом, — где ты это нагрузился? Ахти господи! отроду такого греха не бывало!» — «Молчи, хрыч! — отвечал я ему, запинаясь, — ты, верно, пьян, пошел спать... и уложи меня».	ff084d26-4290-4952-b99f-82d2bf794924
\.


--
-- Data for Name: categories; Type: TABLE DATA; Schema: public; Owner: otsygankova
--

COPY categories (id, name) FROM stdin;
092d933b-48a8-4a37-8e8c-7602acde0497	Фантастика
ad6a23d6-cf30-4792-9fc3-70df1d6d490e	Детективы
c3729cc7-9427-4a68-9c9f-8b0c8688017d	Романы
\.


--
-- Data for Name: category_book; Type: TABLE DATA; Schema: public; Owner: otsygankova
--

COPY category_book (id, book_id, category_id) FROM stdin;
975be5ef-e6de-4820-9a13-61eb4661b68f	74503945-e8bd-490d-bcbf-5316bfc65ff2	ad6a23d6-cf30-4792-9fc3-70df1d6d490e
a9249fa8-c1fb-407d-a8c2-e8ae2f64dbc8	e1c60026-5e31-4bfc-9aaf-285d567a9ec7	c3729cc7-9427-4a68-9c9f-8b0c8688017d
b8fd2a15-1d29-465c-bb8e-64ee5e66490a	74503945-e8bd-490d-bcbf-5316bfc65ff2	c3729cc7-9427-4a68-9c9f-8b0c8688017d
4064b687-f9c4-4492-a8a8-c2b2c48b560c	2154e23b-3e29-4255-bc1a-dc325fba82fc	c3729cc7-9427-4a68-9c9f-8b0c8688017d
1cc477e6-4575-4c8d-84bb-612da562ba86	46f4b096-7d7b-47fd-b5c6-9f7d862e230a	c3729cc7-9427-4a68-9c9f-8b0c8688017d
e5cbf88b-0041-4123-b857-4e46b58ae041	120eafec-5e91-4a4a-b5f9-78fcbe4d39ea	c3729cc7-9427-4a68-9c9f-8b0c8688017d
4ccbe664-7757-48e4-9545-2e4210012023	8064c777-9d7b-4748-bd5d-288558a3bb1b	c3729cc7-9427-4a68-9c9f-8b0c8688017d
57ce0b17-1559-43fe-af90-ecb9cc059184	76dd2ba5-01c1-4ce6-893e-530efaa0b3a8	c3729cc7-9427-4a68-9c9f-8b0c8688017d
2154e23b-3e29-4255-bc1a-dc325fba82fc	2154e23b-3e29-4255-bc1a-dc325fba82fc	ad6a23d6-cf30-4792-9fc3-70df1d6d490e
f88ae20b-590a-455e-91e9-dd2bef15803d	f88ae20b-590a-455e-91e9-dd2bef15803d	092d933b-48a8-4a37-8e8c-7602acde0497
1affe5e0-5fc6-48ca-bb71-b4b24797a635	88fadf15-7e44-4aac-9e6c-89b9d08d5c27	092d933b-48a8-4a37-8e8c-7602acde0497
ccdfefed-3806-4827-a648-bfdcffed02b4	51d85cba-3113-409a-a869-922b605b13f8	092d933b-48a8-4a37-8e8c-7602acde0497
d37b9057-5fea-4029-b136-dd8d3bbce2ca	1f2e3cc9-9049-4b46-a54a-9f66c619c3c8	ad6a23d6-cf30-4792-9fc3-70df1d6d490e
5297fd6e-e2c4-4dff-88f8-5cfa287aec50	1f2e3cc9-9049-4b46-a54a-9f66c619c3c8	c3729cc7-9427-4a68-9c9f-8b0c8688017d
2f8e1452-5ea4-40ab-9150-a88c845566a4	2f8e1452-5ea4-40ab-9150-a88c845566a4	c3729cc7-9427-4a68-9c9f-8b0c8688017d
b2b53dfe-bc71-4c3a-b7ba-185142ba0a57	b2b53dfe-bc71-4c3a-b7ba-185142ba0a57	c3729cc7-9427-4a68-9c9f-8b0c8688017d
0ae645a5-f871-4488-aefd-f93a22d9bc64	0ae645a5-f871-4488-aefd-f93a22d9bc64	c3729cc7-9427-4a68-9c9f-8b0c8688017d
f687f867-ebf4-4ccc-a23b-ae9f372734f4	e6f78bbb-b7ad-4c30-ad47-e8cb8c6782a6	ad6a23d6-cf30-4792-9fc3-70df1d6d490e
34cfeffb-2b1d-490d-bf56-257e46a27c4d	e6f78bbb-b7ad-4c30-ad47-e8cb8c6782a6	092d933b-48a8-4a37-8e8c-7602acde0497
e83aa2b7-9181-4177-b58c-7f612c1f5d24	e6f78bbb-b7ad-4c30-ad47-e8cb8c6782a6	c3729cc7-9427-4a68-9c9f-8b0c8688017d
f46e6d0d-615e-4801-8bad-702251445879	f46e6d0d-615e-4801-8bad-702251445879	c3729cc7-9427-4a68-9c9f-8b0c8688017d
e1c525d1-4090-4cde-a008-fa5de026480d	e1c525d1-4090-4cde-a008-fa5de026480d	c3729cc7-9427-4a68-9c9f-8b0c8688017d
bf5973fa-ce5e-4311-bc92-51a9bdbfcdb1	bf5973fa-ce5e-4311-bc92-51a9bdbfcdb1	c3729cc7-9427-4a68-9c9f-8b0c8688017d
ab039a31-81f3-4998-8747-f7e2a018153d	bd4f5412-75d5-4221-8e20-8d08301cb2d2	c3729cc7-9427-4a68-9c9f-8b0c8688017d
a0442b2b-28df-4193-8ec3-3aac453b4ef3	88ea8911-c61d-4685-a685-1788322d5dc0	c3729cc7-9427-4a68-9c9f-8b0c8688017d
2b92e7c5-b608-4b10-af26-42a69e843cb1	2b92e7c5-b608-4b10-af26-42a69e843cb1	c3729cc7-9427-4a68-9c9f-8b0c8688017d
\.


--
-- Data for Name: comments; Type: TABLE DATA; Schema: public; Owner: otsygankova
--

COPY comments (id, user_id, book_id, comment, date) FROM stdin;
ff084d26-4290-4952-b99f-82d2bf794924	ff084d26-4290-4952-b99f-82d2bf794924	8064c777-9d7b-4748-bd5d-288558a3bb1b	Очень интересная книга	\N
865755cf-3c05-4a7f-9ba7-ae242758b582	865755cf-3c05-4a7f-9ba7-ae242758b582	8064c777-9d7b-4748-bd5d-288558a3bb1b	Мне вообще не понравилась книга	\N
bd6b68e1-c768-49ec-b568-4e493335a241	ff084d26-4290-4952-b99f-82d2bf794924	e1c60026-5e31-4bfc-9aaf-285d567a9ec7	Интересная книга	17.01.2018 11:19
08ff2668-8acb-469f-96ac-81326399df8f	9d2d1087-bf3f-40cc-ade8-c4afe70b5e92	8064c777-9d7b-4748-bd5d-288558a3bb1b	Не советую, пустая трата времени	17.01.2018 11:13
304c1916-aae3-4aa6-8a67-401c510ac185	ff084d26-4290-4952-b99f-82d2bf794924	74503945-e8bd-490d-bcbf-5316bfc65ff2	Хорошая книга, мне очень понравилась	17.01.2018 11:34
2053e643-bf15-4411-9136-eeb1ed4aa4a6	ff084d26-4290-4952-b99f-82d2bf794924	74503945-e8bd-490d-bcbf-5316bfc65ff2	Отличная книга	21.01.2018 13:22
2926bf60-e538-4b77-8df0-092c722a7f82	ff084d26-4290-4952-b99f-82d2bf794924	2b92e7c5-b608-4b10-af26-42a69e843cb1	Очень интересная книга	23.01.2018 14:44
f5dec080-9f6b-4f63-85cb-9c51a19175e2	ff084d26-4290-4952-b99f-82d2bf794924	2154e23b-3e29-4255-bc1a-dc325fba82fc	Интересная книга	23.01.2018 18:14
086e002b-a741-40a4-9933-e2d7149d8e5f	ff084d26-4290-4952-b99f-82d2bf794924	74503945-e8bd-490d-bcbf-5316bfc65ff2	Всю ночь читала, не могла остановиться	23.01.2018 18:28
f7c4838e-b7c9-4517-9d5a-874c9e718cb5	ff084d26-4290-4952-b99f-82d2bf794924	74503945-e8bd-490d-bcbf-5316bfc65ff2	Так себе, вообще-то книга	24.01.2018 12:57
\.


--
-- Data for Name: estimates; Type: TABLE DATA; Schema: public; Owner: otsygankova
--

COPY estimates (id, user_id, estimate, book_id) FROM stdin;
862a5a05-f369-4997-954d-6fe8f9cb39b4	ff084d26-4290-4952-b99f-82d2bf794924	5	bd4f5412-75d5-4221-8e20-8d08301cb2d2
b8b8ff94-f2af-4f36-b003-d5efd6753dfe	865755cf-3c05-4a7f-9ba7-ae242758b582	5	74503945-e8bd-490d-bcbf-5316bfc65ff2
bbd9318a-021f-4e97-84cf-e6747c8d4eb8	ff084d26-4290-4952-b99f-82d2bf794924	3	8064c777-9d7b-4748-bd5d-288558a3bb1b
7922bf92-9c74-4505-ac85-052f50465996	865755cf-3c05-4a7f-9ba7-ae242758b582	4	8064c777-9d7b-4748-bd5d-288558a3bb1b
1cd2f67d-4d76-4ea0-91b6-67c080e25b3b	ff084d26-4290-4952-b99f-82d2bf794924	2	e1c60026-5e31-4bfc-9aaf-285d567a9ec7
8064c777-9d7b-4748-bd5d-288558a3bb1b	ff084d26-4290-4952-b99f-82d2bf794924	4	76dd2ba5-01c1-4ce6-893e-530efaa0b3a8
26706ad0-b214-4483-9b50-7b42ef72c84b	865755cf-3c05-4a7f-9ba7-ae242758b582	5	2154e23b-3e29-4255-bc1a-dc325fba82fc
568de1c1-98f4-423b-8fe6-b0987193716b	865755cf-3c05-4a7f-9ba7-ae242758b582	5	46f4b096-7d7b-47fd-b5c6-9f7d862e230a
e1c60026-5e31-4bfc-9aaf-285d567a9ec7	865755cf-3c05-4a7f-9ba7-ae242758b582	5	e1c60026-5e31-4bfc-9aaf-285d567a9ec7
536adebf-97ec-49fe-b364-bd02957fd672	865755cf-3c05-4a7f-9ba7-ae242758b582	3	120eafec-5e91-4a4a-b5f9-78fcbe4d39ea
4d6cf406-61cf-436f-a8f6-35df08c3ccf3	865755cf-3c05-4a7f-9ba7-ae242758b582	3	bd4f5412-75d5-4221-8e20-8d08301cb2d2
8d088b49-8f45-4bbd-bc78-8cf3f6a4715d	9d2d1087-bf3f-40cc-ade8-c4afe70b5e92	4	e1c60026-5e31-4bfc-9aaf-285d567a9ec7
1b18dd30-0d72-4ea7-81d6-f640f9fd97cf	9d2d1087-bf3f-40cc-ade8-c4afe70b5e92	3	46f4b096-7d7b-47fd-b5c6-9f7d862e230a
64dfc6c0-ba26-439b-a0f9-49cdec94bd78	9d2d1087-bf3f-40cc-ade8-c4afe70b5e92	3	76dd2ba5-01c1-4ce6-893e-530efaa0b3a8
fc2d7cb7-33bd-41ee-9902-1bff764a0583	ff084d26-4290-4952-b99f-82d2bf794924	5	88fadf15-7e44-4aac-9e6c-89b9d08d5c27
e2656639-b97f-4f81-8a79-30a5ceb3521b	9d2d1087-bf3f-40cc-ade8-c4afe70b5e92	5	8064c777-9d7b-4748-bd5d-288558a3bb1b
21f8b339-8b66-43d3-8031-336b0ccd1c89	ff084d26-4290-4952-b99f-82d2bf794924	4	74503945-e8bd-490d-bcbf-5316bfc65ff2
f3bb23bf-58ed-48cd-a372-5c123ce162fc	9d2d1087-bf3f-40cc-ade8-c4afe70b5e92	1	bd4f5412-75d5-4221-8e20-8d08301cb2d2
b8c9645f-96ff-42a1-aede-01fd292862f1	9d2d1087-bf3f-40cc-ade8-c4afe70b5e92	5	2154e23b-3e29-4255-bc1a-dc325fba82fc
f09824f8-7eac-4028-bee9-c14708a9c1c0	9d2d1087-bf3f-40cc-ade8-c4afe70b5e92	5	74503945-e8bd-490d-bcbf-5316bfc65ff2
d63ff53e-9a69-44e6-9fd4-f539204f19ac	ff084d26-4290-4952-b99f-82d2bf794924	5	1f2e3cc9-9049-4b46-a54a-9f66c619c3c8
17d60e67-1551-47f8-b0ff-152255463acd	ff084d26-4290-4952-b99f-82d2bf794924	5	2b92e7c5-b608-4b10-af26-42a69e843cb1
77638413-0e5c-488d-8553-8e4e3db51e57	6fb34182-7395-472f-84f4-c26d7c31e98f	5	e6f78bbb-b7ad-4c30-ad47-e8cb8c6782a6
8c1093de-73f3-406a-9be4-0fb821dcc859	ff084d26-4290-4952-b99f-82d2bf794924	5	bf5973fa-ce5e-4311-bc92-51a9bdbfcdb1
840efddd-fa0a-4a1e-90c1-21d55578948d	ff084d26-4290-4952-b99f-82d2bf794924	5	51d85cba-3113-409a-a869-922b605b13f8
8e197119-d11b-4a6c-85cc-a638d0795bb1	ff084d26-4290-4952-b99f-82d2bf794924	5	f88ae20b-590a-455e-91e9-dd2bef15803d
738e2fe7-03af-4e73-a8bf-1871fac5febb	ff084d26-4290-4952-b99f-82d2bf794924	3	88ea8911-c61d-4685-a685-1788322d5dc0
c49d6f80-3683-4749-a562-95ccfcbffa16	ff084d26-4290-4952-b99f-82d2bf794924	5	2154e23b-3e29-4255-bc1a-dc325fba82fc
\.


--
-- Data for Name: users; Type: TABLE DATA; Schema: public; Owner: postgres
--

COPY users (id, username, password, email, emailpassword) FROM stdin;
ff084d26-4290-4952-b99f-82d2bf794924	olya	olya	olya@gmail.com	b2x5YUBnbWFpbC5jb21vbHlh
0884f9ec-6a04-4411-b20f-26aa40967eab		qa	qa@gmail.com	cWFAZ21haWwuY29tcWE=
c99efc03-8649-4215-9f32-4af68c1cbcf7		qa	qa1@gmail.com	cWExQGdtYWlsLmNvbXFh
dec902ce-74c8-4a59-9c55-31f39b54568d		qa	qa2@gmail.com	cWEyQGdtYWlsLmNvbXFh
b2cf5f90-73be-4a69-8657-6ef74d01c103		qa	qqa2@gmail.com	cXFhMkBnbWFpbC5jb21xYQ==
45ecf42e-ba28-43b9-948f-9c8d260c1408		zz	zz@zz	enpAenp6eg==
4dcbadc4-97a7-4e64-9734-9f80be921fba		zzz	zzz@zz	enp6QHp6enp6
a1d4fe8a-4314-4e47-92ce-09f49230b349		qq	qqq@qq	cXFxQHFxcXE=
865755cf-3c05-4a7f-9ba7-ae242758b582	ww	ww	ww@ww	d3dAd3d3dw==
3e5ececd-8bf5-4e38-a528-4316950b25d7		\N	\N	\N
3e7d6074-1138-4725-9e80-6a3da3d33fae		ii	ii@iii	aWlAaWlpaWk=
3f3ff098-aecc-40d4-bf15-34007678278b		\N	\N	\N
6da062d1-2a4e-4fa8-bcae-f9a6b68184c3		rr	rr@rr	cnJAcnJycg==
c5bf238b-76d1-4db4-a6f6-1f5b6f3f021a	Оля	tt	ttt@tt	dHR0QHR0dHQ=
d07a9ef4-a20a-4d73-9116-dad61b4e7894	\N	\N	\N	TmFO
d44aedcd-219d-4592-9154-b22c6063a80a	\N	\N	\N	TmFO
7b0d0157-bfbb-43ef-bcab-0e283143729c	\N	\N	\N	TmFO
9d2d1087-bf3f-40cc-ade8-c4afe70b5e92	\N	\N	\N	TmFO
6fb34182-7395-472f-84f4-c26d7c31e98f		pp	pp@pp	cHBAcHBwcA==
8723661f-b5f0-4ed9-9018-5f0562764d11		nn	nn@nn	bm5Abm5ubg==
4339e238-f249-4112-8e1a-56a21e4c21f3		nm	nm@nm	bm1Abm1ubQ==
116337d0-7c0c-4742-8740-9a67632e7c0f		za	za@za	emFAemF6YQ==
\.


--
-- Name: books books_id_pk; Type: CONSTRAINT; Schema: public; Owner: postgres
--

ALTER TABLE ONLY books
    ADD CONSTRAINT books_id_pk PRIMARY KEY (id);


--
-- Name: categories categories_pkey; Type: CONSTRAINT; Schema: public; Owner: otsygankova
--

ALTER TABLE ONLY categories
    ADD CONSTRAINT categories_pkey PRIMARY KEY (id);


--
-- Name: category_book category_book_pkey; Type: CONSTRAINT; Schema: public; Owner: otsygankova
--

ALTER TABLE ONLY category_book
    ADD CONSTRAINT category_book_pkey PRIMARY KEY (id);


--
-- Name: comments comments_pkey; Type: CONSTRAINT; Schema: public; Owner: otsygankova
--

ALTER TABLE ONLY comments
    ADD CONSTRAINT comments_pkey PRIMARY KEY (id);


--
-- Name: estimates estimates_pkey; Type: CONSTRAINT; Schema: public; Owner: otsygankova
--

ALTER TABLE ONLY estimates
    ADD CONSTRAINT estimates_pkey PRIMARY KEY (id);


--
-- Name: estimates estimates_user_id_book_id_pk; Type: CONSTRAINT; Schema: public; Owner: otsygankova
--

ALTER TABLE ONLY estimates
    ADD CONSTRAINT estimates_user_id_book_id_pk UNIQUE (user_id, book_id);


--
-- Name: users users_pkey; Type: CONSTRAINT; Schema: public; Owner: postgres
--

ALTER TABLE ONLY users
    ADD CONSTRAINT users_pkey PRIMARY KEY (id);


--
-- Name: books_id_uindex; Type: INDEX; Schema: public; Owner: postgres
--

CREATE UNIQUE INDEX books_id_uindex ON books USING btree (id);


--
-- Name: categories_id_uindex; Type: INDEX; Schema: public; Owner: otsygankova
--

CREATE UNIQUE INDEX categories_id_uindex ON categories USING btree (id);


--
-- Name: categories_name_uindex; Type: INDEX; Schema: public; Owner: otsygankova
--

CREATE UNIQUE INDEX categories_name_uindex ON categories USING btree (name);


--
-- Name: category_book_id_uindex; Type: INDEX; Schema: public; Owner: otsygankova
--

CREATE UNIQUE INDEX category_book_id_uindex ON category_book USING btree (id);


--
-- Name: comments_id_uindex; Type: INDEX; Schema: public; Owner: otsygankova
--

CREATE UNIQUE INDEX comments_id_uindex ON comments USING btree (id);


--
-- Name: estimates_id_uindex; Type: INDEX; Schema: public; Owner: otsygankova
--

CREATE UNIQUE INDEX estimates_id_uindex ON estimates USING btree (id);


--
-- Name: users_email_uindex; Type: INDEX; Schema: public; Owner: postgres
--

CREATE UNIQUE INDEX users_email_uindex ON users USING btree (email);


--
-- Name: users_id_uindex; Type: INDEX; Schema: public; Owner: postgres
--

CREATE UNIQUE INDEX users_id_uindex ON users USING btree (id);


--
-- Name: SCHEMA public; Type: ACL; Schema: -; Owner: postgres
--

GRANT ALL ON SCHEMA public TO PUBLIC;


--
-- PostgreSQL database dump complete
--

